Network,Name,ID,Type,Confidence,Score Rationale,Resource URL,Registered Address,Geolocation Information
206.16.204.64/28,Microsoft Corporation,C01138857,customer,99,"Customer, company name is name parameter, address match from ARIN objects, score adjusted to 99 to keep within threshold",http://whois.arin.net/rest/customer/C01138857,"1 Microsoft Way, Redmond, United States, 98052",
206.16.223.0/24,Microsoft Corporation,C01126495,customer,99,"Customer, company name is name parameter, address match from ARIN objects, score adjusted to 99 to keep within threshold",http://whois.arin.net/rest/customer/C01126495,"1 Microsoft Way, Redmond, United States, 98052",
206.16.224.160/27,Microsoft Corporation,C01510784,customer,99,"Customer, company name is name parameter, address match from ARIN objects, score adjusted to 99 to keep within threshold",http://whois.arin.net/rest/customer/C01510784,"1 Microsoft Way, Redmond, United States, 98052",
63.240.216.0/22,Microsoft Corporation,C01282827,customer,99,"Customer, company name is name parameter, address match from ARIN objects, score adjusted to 99 to keep within threshold",http://whois.arin.net/rest/customer/C01282827,"1 Microsoft Way, Redmond, United States, 98052",
63.240.220.0/22,Microsoft Corporation,C01291628,customer,99,"Customer, company name is name parameter, address match from ARIN objects, score adjusted to 99 to keep within threshold",http://whois.arin.net/rest/customer/C01291628,"1 Microsoft Way, Redmond, United States, 98052",
69.74.162.0/24,Microsoft,C01563731,customer,99,"Customer, company name is name parameter, address match from ARIN objects, score adjusted to 99 to keep within threshold",http://whois.arin.net/rest/customer/C01563731,"1 Microsoft Way, Redmond, United States, 98052",
151.181.210.96/30,Microsoft Corporation,C11048330,customer,89,"Customer, company name is name parameter, address match from ARIN objects",http://whois.arin.net/rest/customer/C11048330,"One Microsoft Way, Redmond, United States, 98052",
173.205.13.128/29,Microsoft,C05582040,customer,89,"Customer, company name is name parameter, address match from ARIN objects",http://whois.arin.net/rest/customer/C05582040,"One Microsoft Way, Redmond, United States, 98052",
173.205.27.104/29,Microsoft,C05740965,customer,89,"Customer, company name is name parameter, address match from ARIN objects",http://whois.arin.net/rest/customer/C05740965,"One Microsoft Way, Redmond, United States, 98052",
173.205.27.112/28,Microsoft,C05722626,customer,89,"Customer, company name is name parameter, address match from ARIN objects",http://whois.arin.net/rest/customer/C05722626,"One Microsoft Way, Redmond, United States, 98052",
173.205.27.160/27,Microsoft,C05717914,customer,89,"Customer, company name is name parameter, address match from ARIN objects",http://whois.arin.net/rest/customer/C05717914,"One Microsoft Way, Redmond, United States, 98052",
204.237.202.96/28,Microsoft,C06161398,customer,89,"Customer, company name is name parameter, address match from ARIN objects",http://whois.arin.net/rest/customer/C06161398,"One Microsoft Way, Redmond, United States, 98052",
208.194.139.0/24,Microsoft Corp,C00547714,customer,89,"Customer, company name is name parameter, address match from ARIN objects",http://whois.arin.net/rest/customer/C00547714,"One Microsoft Way, Redmond, United States, 98052",
208.204.49.128/25,Microsoft Corp,C00547715,customer,89,"Customer, company name is name parameter, address match from ARIN objects",http://whois.arin.net/rest/customer/C00547715,"One Microsoft Way, Redmond, United States, 98052",
208.205.26.0/24,Microsoft Corp,C00547716,customer,89,"Customer, company name is name parameter, address match from ARIN objects",http://whois.arin.net/rest/customer/C00547716,"One Microsoft Way, Redmond, United States, 98052",
208.222.172.0/24,Microsoft Corp,C00547718,customer,89,"Customer, company name is name parameter, address match from ARIN objects",http://whois.arin.net/rest/customer/C00547718,"One Microsoft Way, Redmond, United States, 98052",
208.224.200.64/27,Microsoft Corp,C00547719,customer,89,"Customer, company name is name parameter, address match from ARIN objects",http://whois.arin.net/rest/customer/C00547719,"One Microsoft Way, Redmond, United States, 98052",
208.241.19.0/28,Microsoft Corp,C00547721,customer,89,"Customer, company name is name parameter, address match from ARIN objects",http://whois.arin.net/rest/customer/C00547721,"One Microsoft Way, Redmond, United States, 98052",
208.241.19.16/28,Microsoft Corp,C00547722,customer,89,"Customer, company name is name parameter, address match from ARIN objects",http://whois.arin.net/rest/customer/C00547722,"One Microsoft Way, Redmond, United States, 98052",
208.241.9.224/28,Microsoft Corp,C00547723,customer,89,"Customer, company name is name parameter, address match from ARIN objects",http://whois.arin.net/rest/customer/C00547723,"One Microsoft Way, Redmond, United States, 98052",
208.244.108.0/28,Microsoft Corp,C00547724,customer,89,"Customer, company name is name parameter, address match from ARIN objects",http://whois.arin.net/rest/customer/C00547724,"One Microsoft Way, Redmond, United States, 98052",
208.245.16.0/27,Microsoft Corp,C00547725,customer,89,"Customer, company name is name parameter, address match from ARIN objects",http://whois.arin.net/rest/customer/C00547725,"One Microsoft Way, Redmond, United States, 98052",
208.249.17.160/28,Microsoft Corp,C00547726,customer,89,"Customer, company name is name parameter, address match from ARIN objects",http://whois.arin.net/rest/customer/C00547726,"One Microsoft Way, Redmond, United States, 98052",
209.120.234.172/30,Microsoft Corporation,C07561599,customer,89,"Customer, company name is name parameter, address match from ARIN objects",http://whois.arin.net/rest/customer/C07561599,"One Microsoft Way, Redmond, United States, 98052",
209.160.139.188/30,Microsoft Corporation,C11042706,customer,89,"Customer, company name is name parameter, address match from ARIN objects",http://whois.arin.net/rest/customer/C11042706,"One Microsoft Way, Redmond, United States, 98052",
63.69.245.0/24,Microsoft Corp,C00585639,customer,89,"Customer, company name is name parameter, address match from ARIN objects",http://whois.arin.net/rest/customer/C00585639,"One Microsoft Way, Redmond, United States, 98052",
64.124.184.72/29,MICROSOFT,C00458472,customer,89,"Customer, company name is name parameter, address match from ARIN objects",http://whois.arin.net/rest/customer/C00458472,"One Microsoft Way, Redmond, United States, 98052",
65.194.210.224/27,Microsoft Corp,C00562709,customer,89,"Customer, company name is name parameter, address match from ARIN objects",http://whois.arin.net/rest/customer/C00562709,"One Microsoft Way, Redmond, United States, 98052",
69.64.196.20/30,Microsoft Corporation,C10635112,customer,89,"Customer, company name is name parameter, address match from ARIN objects",http://whois.arin.net/rest/customer/C10635112,"One Microsoft Way, Redmond, United States, 98052",
72.37.145.24/29,Microsoft,C05465155,customer,89,"Customer, company name is name parameter, address match from ARIN objects",http://whois.arin.net/rest/customer/C05465155,"One Microsoft Way, Redmond, United States, 98052",
63.85.235.224/28,MICROSOFT CORPORATION,C03356957,customer,87,"Customer, company name is name parameter, address match from ARIN objects",http://whois.arin.net/rest/customer/C03356957,"1 MICROSOFT WAY, REDMOND, United States, 98052",
63.97.96.96/28,MICROSOFT CORPORATION,C02597924,customer,87,"Customer, company name is name parameter, address match from ARIN objects",http://whois.arin.net/rest/customer/C02597924,"1 MICROSOFT WAY, REDMOND, United States, 98052",
65.196.182.80/28,MICROSOFT CORPORATION,C03397207,customer,87,"Customer, company name is name parameter, address match from ARIN objects",http://whois.arin.net/rest/customer/C03397207,"1 MICROSOFT WAY, REDMOND, United States, 98052",
12.145.247.96/29,MICROSOFT CORPORATION,C09169428,customer,86,"Customer, company name is name parameter, address match from ARIN objects",http://whois.arin.net/rest/customer/C09169428,"9999 WESTOVER HILLS BLVD, SAN ANTONIO, United States, 78251",
12.198.121.216/29,MICROSOFT CORPORATION,C09169651,customer,86,"Customer, company name is name parameter, address match from ARIN objects",http://whois.arin.net/rest/customer/C09169651,"9999 WESTOVER HILLS BLVD, SAN ANTONIO, United States, 78251",
12.215.238.0/29,MICROSOFT CORPORATION,C07739519,customer,86,"Customer, company name is name parameter, address match from ARIN objects",http://whois.arin.net/rest/customer/C07739519,"1950 N STEMMONS FWY, DALLAS, United States, 75207",
207.243.24.176/29,MICROSOFT CORPORATION,C07739736,customer,86,"Customer, company name is name parameter, address match from ARIN objects",http://whois.arin.net/rest/customer/C07739736,"1950 N STEMMONS FWY, DALLAS, United States, 75207",
12.186.19.176/29,MICROSOFT CORPORATION,C11045706,customer,85,"Customer, company name is name parameter",http://whois.arin.net/rest/customer/C11045706,"600 W 7TH, LA, United States, 90017",
12.215.224.64/28,MICROSOFT CORPORATION,C07741755,customer,85,"Customer, company name is name parameter",http://whois.arin.net/rest/customer/C07741755,"5170 WESTWAY PARK BLVD, HOUSTON, United States, 77041",
12.219.230.16/29,MICROSOFT CORPORATION,C11045707,customer,85,"Customer, company name is name parameter",http://whois.arin.net/rest/customer/C11045707,"600 W 7TH, LA, United States, 90017",
12.6.210.96/29,MICROSOFT CORPORATION,C11048963,customer,85,"Customer, company name is name parameter",http://whois.arin.net/rest/customer/C11048963,"21715 FILIGREE CT, ASHBURN, United States, 20147-6205",
128.177.115.196/30,Microsoft Corporation,C06953261,customer,85,"Customer, company name is name parameter",http://whois.arin.net/rest/customer/C06953261,"10880 Airman Ave, Manassas, United States, 20110",
128.177.26.56/29,Microsoft Corporation,C06160383,customer,85,"Customer, company name is name parameter",http://whois.arin.net/rest/customer/C06160383,"21625 Gresham Dr, Ashburn, United States, 20147",
128.177.85.232/31,Microsoft Corporation,C11072974,customer,85,"Customer, company name is name parameter",http://whois.arin.net/rest/customer/C11072974,"505 Northwest Ave, Melrose Park, United States, 60164",
128.177.85.32/29,Microsoft Corporation,C07478463,customer,85,"Customer, company name is name parameter",http://whois.arin.net/rest/customer/C07478463,"1424 2nd St, Santa Monica, United States, 90401",
162.249.88.0/26,MICROSOFT CORPORATION,C04871361,customer,85,"Customer, company name is name parameter",http://whois.arin.net/rest/customer/C04871361,"100 City Centre Drive, Unit #2-146, Square One, Mississauga, Canada, L5B 2C9",
172.254.249.160/29,MICROSOFT,C07175869,customer,85,"Customer, company name is name parameter",http://whois.arin.net/rest/customer/C07175869,"11 TIMES SQ FL 5 STE 5307, NEW YORK, United States, 10036",
173.46.74.0/24,Microsoft Corporation,C06187538,customer,85,"Customer, company name is name parameter",http://whois.arin.net/rest/customer/C06187538,"1 Philips Dr NW, Atlanta, United States, 30303",
174.108.130.128/29,MICROSOFT CORPORATION,C07175872,customer,85,"Customer, company name is name parameter",http://whois.arin.net/rest/customer/C07175872,"8045 ARCO CORPORATE DR, RALEIGH, United States, 27617",
198.58.76.4/30,Microsoft,C06296753,customer,85,"Customer, company name is name parameter",http://whois.arin.net/rest/customer/C06296753,"One Microsoft Way, Corporate VP, Redmond, United States, 98052",
198.58.78.120/29,Microsoft,C06994000,customer,85,"Customer, company name is name parameter",http://whois.arin.net/rest/customer/C06994000,"One Microsoft Way, Corporate VP, Redmond, United States, 98052",
198.58.78.152/30,Microsoft,C06994001,customer,85,"Customer, company name is name parameter",http://whois.arin.net/rest/customer/C06994001,"One Microsoft Way, Corporate VP, Redmond, United States, 98052",
198.58.78.156/30,Microsoft,C06994002,customer,85,"Customer, company name is name parameter",http://whois.arin.net/rest/customer/C06994002,"One Microsoft Way, Corporate VP, Redmond, United States, 98052",
2001:1890:1d17:900::/56,MICROSOFT CORPORATION,C11048964,customer,85,"Customer, company name is name parameter",http://whois.arin.net/rest/customer/C11048964,"21715 FILIGREE CT, ASHBURN, United States, 20147-6205",
204.51.86.48/28,MICROSOFT CORPORATION,C06036938,customer,85,"Customer, company name is name parameter",http://whois.arin.net/rest/customer/C06036938,"One Microsoft Way, Building 9/2138, Redmond, United States, 98052",
206.71.117.0/24,Microsoft,C00006678,customer,85,"Customer, company name is name parameter",http://whois.arin.net/rest/customer/C00006678,"1 Microsoft Way, Redmond, WA, United States",
206.71.118.0/24,Microsoft,C00006677,customer,85,"Customer, company name is name parameter",http://whois.arin.net/rest/customer/C00006677,"1 Microsoft Way, Redmond, WA, United States",
206.71.119.0/24,Microsoft,C00006676,customer,85,"Customer, company name is name parameter",http://whois.arin.net/rest/customer/C00006676,"1 Microsoft Way, Redmond, WA, United States",
207.243.92.16/28,MICROSOFT CORPORATION,C07640268,customer,85,"Customer, company name is name parameter",http://whois.arin.net/rest/customer/C07640268,"525 BRANNAN ST, SF, United States, 94107",
208.184.253.176/29,Microsoft Corporation,C05778774,customer,85,"Customer, company name is name parameter",http://whois.arin.net/rest/customer/C05778774,"2200 Busse Rd, Elk Grove Villiage, United States, 60007",
208.184.31.170/31,Microsoft Corporation,C11016978,customer,85,"Customer, company name is name parameter",http://whois.arin.net/rest/customer/C11016978,"5707 Loving Trl, Cheyenne, United States, 82007",
208.184.35.212/30,Microsoft Corporation,C06953282,customer,85,"Customer, company name is name parameter",http://whois.arin.net/rest/customer/C06953282,"10880 Airman Ave, Manassas, United States, 20110",
208.185.102.192/29,Microsoft Corporation,C06953286,customer,85,"Customer, company name is name parameter",http://whois.arin.net/rest/customer/C06953286,"10880 Airman Ave, Manassas, United States, 20110",
208.185.154.168/31,Microsoft Corporation,C10821096,customer,85,"Customer, company name is name parameter",http://whois.arin.net/rest/customer/C10821096,"8217 Linton Hall Rd, Gainesville, United States, 20155",
208.185.168.40/29,Microsoft Corporation,C05806978,customer,85,"Customer, company name is name parameter",http://whois.arin.net/rest/customer/C05806978,"555 Reed St, Santa Clara, United States, 95050",
208.185.18.0/29,Microsoft Corporation,C05937373,customer,85,"Customer, company name is name parameter",http://whois.arin.net/rest/customer/C05937373,"8217 Linton Hall Rd, Gainesville, United States, 20155",
208.185.191.148/31,Microsoft Corporation,C11055534,customer,85,"Customer, company name is name parameter",http://whois.arin.net/rest/customer/C11055534,"8805 N Reems Rd, Bldg 1, Waddell, United States, 85355",
208.185.237.90/31,Microsoft Corporation,C11039906,customer,85,"Customer, company name is name parameter",http://whois.arin.net/rest/customer/C11039906,"1623 Farnam St, Omaha, United States, 68102",
208.185.42.136/29,Microsoft Corporation,C06122676,customer,85,"Customer, company name is name parameter",http://whois.arin.net/rest/customer/C06122676,"2200 Busse Rd, Elk Grove Village, United States, 60007",
208.185.7.176/29,Microsoft Corporation,C06243373,customer,85,"Customer, company name is name parameter",http://whois.arin.net/rest/customer/C06243373,"21625 Gresham Dr, Ashburn, United States, 20147",
208.185.97.224/31,Microsoft Corporation,C10831443,customer,85,"Customer, company name is name parameter",http://whois.arin.net/rest/customer/C10831443,"5707 Loving Trail, Cheyenne, United States, 82007",
208.253.69.64/29,MICROSOFT CORPORATION,C06086643,customer,85,"Customer, company name is name parameter",http://whois.arin.net/rest/customer/C06086643,"21830 UUNET DR, ASHBURN, United States, 20147-5856",
209.133.28.172/30,Microsoft Corporation,C07714303,customer,85,"Customer, company name is name parameter",http://whois.arin.net/rest/customer/C07714303,"2080 Lunt Ave, Elk Grove Village, United States, 60007",
209.133.91.140/30,Microsoft Corporation,C09555480,customer,85,"Customer, company name is name parameter",http://whois.arin.net/rest/customer/C09555480,"501 Port Industrial Way, Quincy, United States, 98848",
209.154.155.112/29,Microsoft,C00061532,customer,85,"Customer, company name is name parameter",http://whois.arin.net/rest/customer/C00061532,"5000 Britton Rd, Hilliard, United States, 43026",
209.172.196.192/29,Microsoft,C06296773,customer,85,"Customer, company name is name parameter",http://whois.arin.net/rest/customer/C06296773,"One Microsoft Way, Corporate VP, Redmond, United States, 98052",
209.172.196.208/30,Microsoft,C06296772,customer,85,"Customer, company name is name parameter",http://whois.arin.net/rest/customer/C06296772,"One Microsoft Way, Corporate VP, Redmond, United States, 98052",
209.172.197.184/29,Microsoft,C07028412,customer,85,"Customer, company name is name parameter",http://whois.arin.net/rest/customer/C07028412,"One Microsoft Way, Corporate VP, Redmond, United States, 98052",
209.172.203.0/30,Microsoft,C06289815,customer,85,"Customer, company name is name parameter",http://whois.arin.net/rest/customer/C06289815,"One Microsoft Way, Corporate VP, Redmond, United States, 98052",
209.172.203.16/29,Microsoft,C06416191,customer,85,"Customer, company name is name parameter",http://whois.arin.net/rest/customer/C06416191,"One Microsoft Way, Corporate VP, Redmond, United States, 98052",
209.172.203.4/30,Microsoft,C06365753,customer,85,"Customer, company name is name parameter",http://whois.arin.net/rest/customer/C06365753,"One Microsoft Way, Corporate VP, Redmond, United States, 98052",
209.172.203.8/29,Microsoft,C06289814,customer,85,"Customer, company name is name parameter",http://whois.arin.net/rest/customer/C06289814,"One Microsoft Way, Corporate VP, Redmond, United States, 98052",
209.249.214.184/30,Microsoft Corporation,C09911304,customer,85,"Customer, company name is name parameter",http://whois.arin.net/rest/customer/C09911304,"5200 Rogers Rd, San Antonio, United States, 78251",
209.66.104.88/29,Microsoft Corporation,C07627897,customer,85,"Customer, company name is name parameter",http://whois.arin.net/rest/customer/C07627897,"14715 Omicron Dr, San Antonio, United States, 78245",
216.117.85.184/29,Microsoft Corp,C06312488,customer,85,"Customer, company name is name parameter",http://whois.arin.net/rest/customer/C06312488,"One Microsoft Way, Corporate VP, Redmond, United States, 98052",
216.117.85.44/30,Microsoft Corp,C06312486,customer,85,"Customer, company name is name parameter",http://whois.arin.net/rest/customer/C06312486,"One Microsoft Way, Corporate VP, Redmond, United States, 98052",
216.117.87.120/29,Microsoft,C06289803,customer,85,"Customer, company name is name parameter",http://whois.arin.net/rest/customer/C06289803,"One Microsoft Way, Corporate VP, Redmond, United States, 98052",
216.117.87.60/30,Microsoft,C06289813,customer,85,"Customer, company name is name parameter",http://whois.arin.net/rest/customer/C06289813,"One Microsoft Way, Corporate VP, Redmond, United States, 98052",
216.117.87.92/30,Microsoft,C06289811,customer,85,"Customer, company name is name parameter",http://whois.arin.net/rest/customer/C06289811,"One Microsoft Way, Corporate VP, Redmond, United States, 98052",
216.117.87.96/29,Microsoft,C06289804,customer,85,"Customer, company name is name parameter",http://whois.arin.net/rest/customer/C06289804,"One Microsoft Way, Corporate VP, Redmond, United States, 98052",
216.123.3.128/26,MICROSOFT CORPORATION,C04871362,customer,85,"Customer, company name is name parameter",http://whois.arin.net/rest/customer/C04871362,"100 City Centre Drive, Unit #2-146, Square One, Mississauga, Canada, L5B 2C9",
216.200.108.16/31,Microsoft Corporation,C11005096,customer,85,"Customer, company name is name parameter",http://whois.arin.net/rest/customer/C11005096,"1435 Hwy 54 W, Fayetteville, United States, 30214",
216.200.108.20/31,Microsoft Corporation,C11005147,customer,85,"Customer, company name is name parameter",http://whois.arin.net/rest/customer/C11005147,"1435 Hwy 54 W, Fayetteville, United States, 30214",
216.200.108.22/31,Microsoft Corporation,C11005169,customer,85,"Customer, company name is name parameter",http://whois.arin.net/rest/customer/C11005169,"1435 Hwy 54 W, Fayetteville, United States, 30214",
216.200.120.32/31,Microsoft Corporation,C10532801,customer,85,"Customer, company name is name parameter",http://whois.arin.net/rest/customer/C10532801,"7700 Commerce Cir, Cheyenne, United States, 82007",
216.200.155.168/30,Microsoft Corporation,C10880313,customer,85,"Customer, company name is name parameter",http://whois.arin.net/rest/customer/C10880313,"14840 W Yuma Rd, Goodyear, United States, 85338",
216.200.160.0/29,Microsoft Corporation,C05890295,customer,85,"Customer, company name is name parameter",http://whois.arin.net/rest/customer/C05890295,"44520 Hastings Dr, Ashburn, United States, 20147",
216.200.82.72/29,Microsoft Corporation,C05979449,customer,85,"Customer, company name is name parameter",http://whois.arin.net/rest/customer/C05979449,"44490 Chilum Pl, Ashburn, United States, 20147",
216.223.176.248/29,Microsoft,C06296752,customer,85,"Customer, company name is name parameter",http://whois.arin.net/rest/customer/C06296752,"One Microsoft Way, Corporate VP, Redmond, United States, 98052",
23.25.198.144/28,MICROSOFT,C03235556,customer,85,"Customer, company name is name parameter",http://whois.arin.net/rest/customer/C03235556,"1 Unavailable Street, CAMBRIDGE, United States, 02142",
2602:fd5e:4::/48,Microsoft Corporation,C10308375,customer,85,"Customer, company name is name parameter",http://whois.arin.net/rest/customer/C10308375,"One Redmond Way, Redmond, United States, 98052",
2602:fd5e:5::/48,Microsoft Corporation,C10308381,customer,85,"Customer, company name is name parameter",http://whois.arin.net/rest/customer/C10308381,"One Redmond Way, Redmond, United States, 98052",
40.139.88.104/30,MICROSOFT,C05307664,customer,85,"Customer, company name is name parameter",http://whois.arin.net/rest/customer/C05307664,"3 CITY PLACE DR, SAINT LOUIS, United States, 63141-7081",
50.73.118.152/29,MICROSOFT,C03058171,customer,85,"Customer, company name is name parameter",http://whois.arin.net/rest/customer/C03058171,"2203 E EMPIRE ST, BLOOMINGTON, United States, 61704",
50.77.143.56/29,MICROSOFT,C03060431,customer,85,"Customer, company name is name parameter",http://whois.arin.net/rest/customer/C03060431,"1 Unavailable Street, BOURBONNAIS, United States, 60914",
50.84.136.88/29,MICROSOFT CORPORATION,C07175870,customer,85,"Customer, company name is name parameter",http://whois.arin.net/rest/customer/C07175870,"7100 STATE HIGHWAY 161, IRVING, United States, 75039",
63.110.59.144/28,MICROSOFT CORPORATION,C06632289,customer,85,"Customer, company name is name parameter",http://whois.arin.net/rest/customer/C06632289,"9 GREAT OAKS BLVD, SAN JOSE, United States, 95119",
63.116.110.160/29,MICROSOFT CORPORATION,C05363938,customer,85,"Customer, company name is name parameter",http://whois.arin.net/rest/customer/C05363938,"2655 RICHMOND AVE, STATEN ISLAND, United States, 10314-5821",
63.118.235.0/26,MICROSOFT CORPORATION,C06274923,customer,85,"Customer, company name is name parameter",http://whois.arin.net/rest/customer/C06274923,"677 5TH AVE, NEW YORK, United States, 10022",
63.64.68.128/25,MICROSOFT CORPORATION,C02607865,customer,85,"Customer, company name is name parameter",http://whois.arin.net/rest/customer/C02607865,"9911 WILLOWS RD NE # 150, REDMOND, United States, 98052-2531",
63.68.157.208/29,MICROSOFT CORPORATION,C05634109,customer,85,"Customer, company name is name parameter",http://whois.arin.net/rest/customer/C05634109,"2000 ROUTE 38, CHERRY HILL, United States, 08002-2100",
63.84.179.0/27,MICROSOFT CORPORATION,C04736688,customer,85,"Customer, company name is name parameter",http://whois.arin.net/rest/customer/C04736688,"87 GALLERIA DR L108 / suite, BUFFALO, United States, 14225",
63.84.232.144/28,MICROSOFT CORPORATION,C03411009,customer,85,"Customer, company name is name parameter",http://whois.arin.net/rest/customer/C03411009,"1 MICROSOFT WAY, REDMOND, United States, 98052-8300",
64.124.119.32/30,Microsoft Corporation,C07554913,customer,85,"Customer, company name is name parameter",http://whois.arin.net/rest/customer/C07554913,"2055 Lafayette St, Santa Clara, United States, 95050",
64.124.119.48/29,Microsoft Corporation,C07555079,customer,85,"Customer, company name is name parameter",http://whois.arin.net/rest/customer/C07555079,"2055 Lafayette St, Santa Clara, United States, 95050",
64.124.119.56/29,Microsoft Corporation,C07555082,customer,85,"Customer, company name is name parameter",http://whois.arin.net/rest/customer/C07555082,"2055 Lafayette St, Santa Clara, United States, 95050",
64.124.12.144/31,Microsoft Corporation,C10698318,customer,85,"Customer, company name is name parameter",http://whois.arin.net/rest/customer/C10698318,"501 Port Industrial Way, Quincy, United States, 98848",
64.124.142.200/29,Microsoft Corporation,C07566338,customer,85,"Customer, company name is name parameter",http://whois.arin.net/rest/customer/C07566338,"3020 Coronado Dr, Santa Clara, United States, 95054",
64.124.142.224/29,Microsoft Corporation,C07567016,customer,85,"Customer, company name is name parameter",http://whois.arin.net/rest/customer/C07567016,"3020 Coronado Dr, Santa Clara, United States, 95054",
64.124.183.88/29,Microsoft Corporation,C07714302,customer,85,"Customer, company name is name parameter",http://whois.arin.net/rest/customer/C07714302,"2080 Lunt Ave, Elk Grove Village, United States, 60007",
64.124.43.176/29,Microsoft Corporation,C07668146,customer,85,"Customer, company name is name parameter",http://whois.arin.net/rest/customer/C07668146,"1515 Port Industrial Way, Quincy, United States, 98848",
64.124.50.128/26,Microsoft Corporation,C07012819,customer,85,"Customer, company name is name parameter",http://whois.arin.net/rest/customer/C07012819,"15580 NE 31st St Building B43, Redmond, United States, 98052",
64.124.73.192/29,Microsoft Corporation,C06953263,customer,85,"Customer, company name is name parameter",http://whois.arin.net/rest/customer/C06953263,"10880 Airman Ave, Manassas, United States, 20110",
64.125.101.192/30,Microsoft Corporation,C09797983,customer,85,"Customer, company name is name parameter",http://whois.arin.net/rest/customer/C09797983,"2117 M St NE, Quincy, United States, 98848",
64.125.128.64/26,Microsoft Corporation,C07014225,customer,85,"Customer, company name is name parameter",http://whois.arin.net/rest/customer/C07014225,"15580 NE 31st St Building B43, Redmond, United States, 98052",
64.125.159.246/31,Microsoft Corporation,C11005051,customer,85,"Customer, company name is name parameter",http://whois.arin.net/rest/customer/C11005051,"1435 Hwy 54 W, Fayetteville, United States, 30214",
64.125.159.252/31,Microsoft Corporation,C11005085,customer,85,"Customer, company name is name parameter",http://whois.arin.net/rest/customer/C11005085,"1435 Hwy 54 W, Fayetteville, United States, 30214",
64.125.172.136/29,MICROSOFT CORPORATION,C02958347,customer,85,"Customer, company name is name parameter",http://whois.arin.net/rest/customer/C02958347,"1100 Glendon Ave, Los Angeles, United States, 90024",
64.81.8.96/27,Microsoft Corporation,C01947877,customer,85,"Customer, company name is name parameter",http://whois.arin.net/rest/customer/C01947877,"2001 6th Ave, Seattle, United States, 98122",
65.196.39.128/27,MICROSOFT CORPORATION,C04739631,customer,85,"Customer, company name is name parameter",http://whois.arin.net/rest/customer/C04739631,"87 GALLERIA DR Suite L108, BUFFALO, United States, 14225",
65.198.124.160/27,MICROSOFT CORPORATION,C04619819,customer,85,"Customer, company name is name parameter",http://whois.arin.net/rest/customer/C04619819,"1 MICROSOFT WAY, REDMOND, United States, 98052-8300",
65.205.34.208/29,MICROSOFT CORPORATION,C05063849,customer,85,"Customer, company name is name parameter",http://whois.arin.net/rest/customer/C05063849,"825 DULANEY VALLEY RD, TOWSON, United States, 21204-1010",
65.206.12.64/26,MICROSOFT CORPORATION,C06274915,customer,85,"Customer, company name is name parameter",http://whois.arin.net/rest/customer/C06274915,"677 5TH AVE, NEW YORK, United States, 10022",
65.207.46.128/26,MICROSOFT CORPORATION,C05400702,customer,85,"Customer, company name is name parameter",http://whois.arin.net/rest/customer/C05400702,"7101 DEMOCRACY BLVD, SPC 2024, BETHESDA, United States, 20817-1065",
65.207.73.64/26,MICROSOFT CORPORATION,C02921776,customer,85,"Customer, company name is name parameter",http://whois.arin.net/rest/customer/C02921776,"12012 SUNSET HILLS RD 100, RESTON, United States, 20190",
65.209.43.224/28,MICROSOFT,C05015303,customer,85,"Customer, company name is name parameter",http://whois.arin.net/rest/customer/C05015303,"2000 ROUTE 38, CHERRY, CHERRY HILL, United States, 08002-2100",
65.210.80.0/26,MICROSOFT CORPORATION,C02744768,customer,85,"Customer, company name is name parameter",http://whois.arin.net/rest/customer/C02744768,"5404 WISCONSIN AVE 600, CHEVY CHASE, United States, 20815-3573",
65.211.27.32/28,MICROSOFT CORPORATION,C06616458,customer,85,"Customer, company name is name parameter",http://whois.arin.net/rest/customer/C06616458,"21691 FILIGREE CT, ASHBURN, United States, 20147",
65.223.48.240/29,MICROSOFT CORPORATION,C05692274,customer,85,"Customer, company name is name parameter",http://whois.arin.net/rest/customer/C05692274,"350 W HILLCREST DR, THOUSAND OAKS, United States, 91360-4216",
65.246.0.176/29,Microsoft Corporation,C05670010,customer,85,"Customer, company name is name parameter",http://whois.arin.net/rest/customer/C05670010,"10300 LITTLE PATUXENT PKWY, COLUMBIA, United States, 21044-3341",
65.68.62.152/29,Microsoft,C00168056,customer,85,"Customer, company name is name parameter",http://whois.arin.net/rest/customer/C00168056,"7000 Valley View Ln, Irving, United States, 75039",
66.136.85.192/29,Microsoft,C00446770,customer,85,"Customer, company name is name parameter",http://whois.arin.net/rest/customer/C00446770,"1701 Alma St., Plano, United States, 75075",
66.251.23.216/30,MICROSOFT CORP,C05693584,customer,85,"Customer, company name is name parameter",http://whois.arin.net/rest/customer/C05693584,"1400 WILLOWBROOK MALL, WAYNE, United States, 07470-6905",
66.46.125.192/27,MICROSOFT CORPORATION,C04871358,customer,85,"Customer, company name is name parameter",http://whois.arin.net/rest/customer/C04871358,"Metropolis at Metrotown, CRU-M12, #230 - 4800 Kingsway, Burnaby, Canada, V5H 4J2",
66.46.125.224/27,MICROSOFT-CORPORATION,C04871353,customer,85,"Customer, company name is name parameter",http://whois.arin.net/rest/customer/C04871353,"Metropolis, Metrotown, CRU-M12, 230 - 4800, Kingsway, Burnaby, Canada, V5H 4J2",
67.112.255.144/29,Microsoft Corporation,C00461593,customer,85,"Customer, company name is name parameter",http://whois.arin.net/rest/customer/C00461593,"268 Bush St, San Francisco, United States, 94104",
67.212.138.0/28,Microsoft BizSpark,C02483948,customer,85,"Customer, no company name and extension match, address match from ARIN objects (significant score increase)",http://whois.arin.net/rest/customer/C02483948,"1 Microsoft Way, Redmond, United States, 98052",
67.39.208.168/29,MICROSOFT,C00313928,customer,85,"Customer, company name is name parameter",http://whois.arin.net/rest/customer/C00313928,"2701 West 15th Street PMB 236, Plano, United States, 75075",
67.79.35.120/29,MICROSOFT,C07175866,customer,85,"Customer, company name is name parameter",http://whois.arin.net/rest/customer/C07175866,"401 E SONTERRA BLVD STE 300 NATIONAL, SAN ANTONIO, United States, 78258",
68.188.29.64/26,MICROSOFT,C02570623,customer,85,"Customer, company name is name parameter",http://whois.arin.net/rest/customer/C02570623,"3 CITYPLACE DR, STE 1100, Use as many Customer Address lines as needed to specify, SAINT LOUIS, United States, 63141",
68.90.141.72/29,Microsoft Corp,C00697365,customer,85,"Customer, company name is name parameter",http://whois.arin.net/rest/customer/C00697365,"1701 Alma St., Plano, United States, 75075",
69.71.60.96/29,Microsoft Corporation,C07021410,customer,85,"Customer, company name is name parameter",http://whois.arin.net/rest/customer/C07021410,"One Microsoft WAy, Redmond, United States, 98052",
72.20.142.64/29,Microsoft Corporation,C05961623,customer,85,"Customer, company name is name parameter",http://whois.arin.net/rest/customer/C05961623,"2000 W Sam Houston Pkwy S, Suite 350, Houston, United States, 77042",
72.44.192.168/29,Microsoft Corporation,C07021411,customer,85,"Customer, company name is name parameter",http://whois.arin.net/rest/customer/C07021411,"One Microsoft WAy, Redmond, United States, 98052",
72.44.220.16/29,Microsoft Corporation,C07021412,customer,85,"Customer, company name is name parameter",http://whois.arin.net/rest/customer/C07021412,"One Microsoft WAy, Redmond, United States, 98052",
74.104.143.96/28,MICROSOFT CORPORATION,C02438256,customer,85,"Customer, company name is name parameter",http://whois.arin.net/rest/customer/C02438256,"201 JONES, WAL, United States, 02451",
74.113.218.96/27,Microsoft,C07381619,customer,85,"Customer, company name is name parameter",http://whois.arin.net/rest/customer/C07381619,"3950 S Las Vegas Blvd, Las Vegas, United States, 89119",
74.113.220.0/28,Microsoft,C07301021,customer,85,"Customer, company name is name parameter",http://whois.arin.net/rest/customer/C07301021,"3600 S Las Vegas Blvd, Las Vegas, United States, 89109",
76.81.204.216/29,MICROSOFT,C07175868,customer,85,"Customer, company name is name parameter",http://whois.arin.net/rest/customer/C07175868,"454 SEAWARD RD SMB, CORONA DEL MAR, United States, 92625",
13.107.12.0/24,Microsoft Corporation,AS8068,asn,85,"ASN, company name is name parameter",http://whois.arin.net/rest/asn/AS8068,,
13.107.128.0/24,Microsoft Corporation,AS8068,asn,85,"ASN, company name is name parameter",http://whois.arin.net/rest/asn/AS8068,,
13.107.129.0/24,Microsoft Corporation,AS8068,asn,85,"ASN, company name is name parameter",http://whois.arin.net/rest/asn/AS8068,,
13.107.13.0/24,Microsoft Corporation,AS8068,asn,85,"ASN, company name is name parameter",http://whois.arin.net/rest/asn/AS8068,,
13.107.137.0/24,Microsoft Corporation,AS8068,asn,85,"ASN, company name is name parameter",http://whois.arin.net/rest/asn/AS8068,,
13.107.139.0/24,Microsoft Corporation,AS8068,asn,85,"ASN, company name is name parameter",http://whois.arin.net/rest/asn/AS8068,,
13.107.140.0/24,Microsoft Corporation,AS8068,asn,85,"ASN, company name is name parameter",http://whois.arin.net/rest/asn/AS8068,,
13.107.15.0/24,Microsoft Corporation,AS8068,asn,85,"ASN, company name is name parameter",http://whois.arin.net/rest/asn/AS8068,,
13.107.16.0/24,Microsoft Corporation,AS8068,asn,85,"ASN, company name is name parameter",http://whois.arin.net/rest/asn/AS8068,,
13.107.18.0/24,Microsoft Corporation,AS8068,asn,85,"ASN, company name is name parameter",http://whois.arin.net/rest/asn/AS8068,,
13.107.19.0/24,Microsoft Corporation,AS8068,asn,85,"ASN, company name is name parameter",http://whois.arin.net/rest/asn/AS8068,,
13.107.21.0/24,Microsoft Corporation,AS8068,asn,85,"ASN, company name is name parameter",http://whois.arin.net/rest/asn/AS8068,,
13.107.22.0/24,Microsoft Corporation,AS8068,asn,85,"ASN, company name is name parameter",http://whois.arin.net/rest/asn/AS8068,,
13.107.254.0/24,Microsoft Corporation,AS8068,asn,85,"ASN, company name is name parameter",http://whois.arin.net/rest/asn/AS8068,,
13.107.3.0/24,Microsoft Corporation,AS8068,asn,85,"ASN, company name is name parameter",http://whois.arin.net/rest/asn/AS8068,,
13.107.39.0/24,Microsoft Corporation,AS8068,asn,85,"ASN, company name is name parameter",http://whois.arin.net/rest/asn/AS8068,,
13.107.4.0/24,Microsoft Corporation,AS8068,asn,85,"ASN, company name is name parameter",http://whois.arin.net/rest/asn/AS8068,,
13.107.40.0/24,Microsoft Corporation,AS8068,asn,85,"ASN, company name is name parameter",http://whois.arin.net/rest/asn/AS8068,,
13.107.42.0/24,Microsoft Corporation,AS8068,asn,85,"ASN, company name is name parameter",http://whois.arin.net/rest/asn/AS8068,,
13.107.43.0/24,Microsoft Corporation,AS8068,asn,85,"ASN, company name is name parameter",http://whois.arin.net/rest/asn/AS8068,,
13.107.48.0/24,Microsoft Corporation,AS8068,asn,85,"ASN, company name is name parameter",http://whois.arin.net/rest/asn/AS8068,,
13.107.49.0/24,Microsoft Corporation,AS8068,asn,85,"ASN, company name is name parameter",http://whois.arin.net/rest/asn/AS8068,,
13.107.5.0/24,Microsoft Corporation,AS8068,asn,85,"ASN, company name is name parameter",http://whois.arin.net/rest/asn/AS8068,,
13.107.50.0/24,Microsoft Corporation,AS8068,asn,85,"ASN, company name is name parameter",http://whois.arin.net/rest/asn/AS8068,,
13.107.51.0/24,Microsoft Corporation,AS8068,asn,85,"ASN, company name is name parameter",http://whois.arin.net/rest/asn/AS8068,,
13.107.52.0/24,Microsoft Corporation,AS8068,asn,85,"ASN, company name is name parameter",http://whois.arin.net/rest/asn/AS8068,,
13.107.54.0/24,Microsoft Corporation,AS8068,asn,85,"ASN, company name is name parameter",http://whois.arin.net/rest/asn/AS8068,,
13.107.56.0/24,Microsoft Corporation,AS8068,asn,85,"ASN, company name is name parameter",http://whois.arin.net/rest/asn/AS8068,,
13.107.6.0/24,Microsoft Corporation,AS8068,asn,85,"ASN, company name is name parameter",http://whois.arin.net/rest/asn/AS8068,,
13.107.7.0/24,Microsoft Corporation,AS8068,asn,85,"ASN, company name is name parameter",http://whois.arin.net/rest/asn/AS8068,,
13.107.9.0/24,Microsoft Corporation,AS8068,asn,85,"ASN, company name is name parameter",http://whois.arin.net/rest/asn/AS8068,,
131.107.0.0/16,Microsoft Corporation,AS3598,asn,85,"ASN, company name is name parameter",http://whois.arin.net/rest/asn/AS3598,,
131.253.21.0/24,Microsoft Corporation,AS8068,asn,85,"ASN, company name is name parameter",http://whois.arin.net/rest/asn/AS8068,,
131.253.3.0/24,Microsoft Corporation,AS8068,asn,85,"ASN, company name is name parameter",http://whois.arin.net/rest/asn/AS8068,,
131.253.33.0/24,Microsoft Corporation,AS8068,asn,85,"ASN, company name is name parameter",http://whois.arin.net/rest/asn/AS8068,,
150.171.32.0/24,Microsoft Corporation,AS8068,asn,85,"ASN, company name is name parameter",http://whois.arin.net/rest/asn/AS8068,,
150.171.41.0/24,Microsoft Corporation,AS8068,asn,85,"ASN, company name is name parameter",http://whois.arin.net/rest/asn/AS8068,,
150.171.43.0/24,Microsoft Corporation,AS8068,asn,85,"ASN, company name is name parameter",http://whois.arin.net/rest/asn/AS8068,,
150.171.44.0/24,Microsoft Corporation,AS8068,asn,85,"ASN, company name is name parameter",http://whois.arin.net/rest/asn/AS8068,,
151.207.40.0/22,Microsoft Corporation,AS12076,asn,85,"ASN, company name is name parameter",http://whois.arin.net/rest/asn/AS12076,,
151.207.44.0/22,Microsoft Corporation,AS12076,asn,85,"ASN, company name is name parameter",http://whois.arin.net/rest/asn/AS12076,,
157.54.0.0/16,Microsoft Corporation,AS3598,asn,85,"ASN, company name is name parameter",http://whois.arin.net/rest/asn/AS3598,,
157.57.0.0/16,Microsoft Corporation,AS3598,asn,85,"ASN, company name is name parameter",http://whois.arin.net/rest/asn/AS3598,,
157.58.0.0/16,Microsoft Corporation,AS3598,asn,85,"ASN, company name is name parameter",http://whois.arin.net/rest/asn/AS3598,,
157.59.0.0/16,Microsoft Corporation,AS3598,asn,85,"ASN, company name is name parameter",http://whois.arin.net/rest/asn/AS3598,,
157.60.0.0/16,Microsoft Corporation,AS3598,asn,85,"ASN, company name is name parameter",http://whois.arin.net/rest/asn/AS3598,,
167.220.0.0/16,Microsoft Corporation,AS3598,asn,85,"ASN, company name is name parameter",http://whois.arin.net/rest/asn/AS3598,,
170.110.229.0/24,Microsoft Corporation,AS12076,asn,85,"ASN, company name is name parameter",http://whois.arin.net/rest/asn/AS12076,,
170.110.247.0/24,Microsoft Corporation,AS12076,asn,85,"ASN, company name is name parameter",http://whois.arin.net/rest/asn/AS12076,,
194.69.96.0/19,Microsoft Corporation,AS3598,asn,85,"ASN, company name is name parameter",http://whois.arin.net/rest/asn/AS3598,,
198.105.232.0/22,Microsoft Corporation,AS3598,asn,85,"ASN, company name is name parameter",http://whois.arin.net/rest/asn/AS3598,,
199.2.137.0/24,Microsoft Corporation,AS3598,asn,85,"ASN, company name is name parameter",http://whois.arin.net/rest/asn/AS3598,,
204.79.197.0/24,Microsoft Corporation,AS8068,asn,85,"ASN, company name is name parameter",http://whois.arin.net/rest/asn/AS8068,,
2404:f801::/32,Microsoft Corporation,AS3598,asn,85,"ASN, company name is name parameter",http://whois.arin.net/rest/asn/AS3598,,
2608:1c1:6::/48,Microsoft Corporation,AS12076,asn,85,"ASN, company name is name parameter",http://whois.arin.net/rest/asn/AS12076,,
2608:1c1:7::/48,Microsoft Corporation,AS12076,asn,85,"ASN, company name is name parameter",http://whois.arin.net/rest/asn/AS12076,,
2608:1c1:8::/48,Microsoft Corporation,AS12076,asn,85,"ASN, company name is name parameter",http://whois.arin.net/rest/asn/AS12076,,
2620:1ec:12::/48,Microsoft Corporation,AS8068,asn,85,"ASN, company name is name parameter",http://whois.arin.net/rest/asn/AS8068,,
2620:1ec:13::/48,Microsoft Corporation,AS8068,asn,85,"ASN, company name is name parameter",http://whois.arin.net/rest/asn/AS8068,,
2620:1ec:1d::/48,Microsoft Corporation,AS8068,asn,85,"ASN, company name is name parameter",http://whois.arin.net/rest/asn/AS8068,,
2620:1ec:21::/48,Microsoft Corporation,AS8068,asn,85,"ASN, company name is name parameter",http://whois.arin.net/rest/asn/AS8068,,
2620:1ec:22::/48,Microsoft Corporation,AS8068,asn,85,"ASN, company name is name parameter",http://whois.arin.net/rest/asn/AS8068,,
2620:1ec:23::/48,Microsoft Corporation,AS8068,asn,85,"ASN, company name is name parameter",http://whois.arin.net/rest/asn/AS8068,,
2620:1ec:24::/48,Microsoft Corporation,AS8068,asn,85,"ASN, company name is name parameter",http://whois.arin.net/rest/asn/AS8068,,
2620:1ec:28::/48,Microsoft Corporation,AS8068,asn,85,"ASN, company name is name parameter",http://whois.arin.net/rest/asn/AS8068,,
2620:1ec:34::/48,Microsoft Corporation,AS8068,asn,85,"ASN, company name is name parameter",http://whois.arin.net/rest/asn/AS8068,,
2620:1ec:42::/48,Microsoft Corporation,AS8068,asn,85,"ASN, company name is name parameter",http://whois.arin.net/rest/asn/AS8068,,
2620:1ec:43::/48,Microsoft Corporation,AS8068,asn,85,"ASN, company name is name parameter",http://whois.arin.net/rest/asn/AS8068,,
2620:1ec:44::/48,Microsoft Corporation,AS8068,asn,85,"ASN, company name is name parameter",http://whois.arin.net/rest/asn/AS8068,,
2620:1ec:45::/48,Microsoft Corporation,AS8068,asn,85,"ASN, company name is name parameter",http://whois.arin.net/rest/asn/AS8068,,
2620:1ec:4::/48,Microsoft Corporation,AS8068,asn,85,"ASN, company name is name parameter",http://whois.arin.net/rest/asn/AS8068,,
2620:1ec:5::/48,Microsoft Corporation,AS8068,asn,85,"ASN, company name is name parameter",http://whois.arin.net/rest/asn/AS8068,,
2620:1ec:6::/48,Microsoft Corporation,AS8068,asn,85,"ASN, company name is name parameter",http://whois.arin.net/rest/asn/AS8068,,
2620:1ec:7::/48,Microsoft Corporation,AS8068,asn,85,"ASN, company name is name parameter",http://whois.arin.net/rest/asn/AS8068,,
2620:1ec:8f0::/48,Microsoft Corporation,AS8068,asn,85,"ASN, company name is name parameter",http://whois.arin.net/rest/asn/AS8068,,
2620:1ec:8f9::/48,Microsoft Corporation,AS8068,asn,85,"ASN, company name is name parameter",http://whois.arin.net/rest/asn/AS8068,,
2620:1ec:8fb::/48,Microsoft Corporation,AS8068,asn,85,"ASN, company name is name parameter",http://whois.arin.net/rest/asn/AS8068,,
2620:1ec:8fc::/48,Microsoft Corporation,AS8068,asn,85,"ASN, company name is name parameter",http://whois.arin.net/rest/asn/AS8068,,
2620:1ec:900::/48,Microsoft Corporation,AS8068,asn,85,"ASN, company name is name parameter",http://whois.arin.net/rest/asn/AS8068,,
2620:1ec:909::/48,Microsoft Corporation,AS8068,asn,85,"ASN, company name is name parameter",http://whois.arin.net/rest/asn/AS8068,,
2620:1ec:90c::/48,Microsoft Corporation,AS8068,asn,85,"ASN, company name is name parameter",http://whois.arin.net/rest/asn/AS8068,,
2620:1ec:911::/48,Microsoft Corporation,AS8068,asn,85,"ASN, company name is name parameter",http://whois.arin.net/rest/asn/AS8068,,
2620:1ec:a92::/48,Microsoft Corporation,AS8068,asn,85,"ASN, company name is name parameter",http://whois.arin.net/rest/asn/AS8068,,
2620:1ec:a::/48,Microsoft Corporation,AS8068,asn,85,"ASN, company name is name parameter",http://whois.arin.net/rest/asn/AS8068,,
2620:1ec:b::/48,Microsoft Corporation,AS8068,asn,85,"ASN, company name is name parameter",http://whois.arin.net/rest/asn/AS8068,,
2620:1ec:c11::/48,Microsoft Corporation,AS8068,asn,85,"ASN, company name is name parameter",http://whois.arin.net/rest/asn/AS8068,,
2620:1ec:c::/48,Microsoft Corporation,AS8068,asn,85,"ASN, company name is name parameter",http://whois.arin.net/rest/asn/AS8068,,
2620:1ec:d::/48,Microsoft Corporation,AS8068,asn,85,"ASN, company name is name parameter",http://whois.arin.net/rest/asn/AS8068,,
2a01:110::/32,Microsoft Corporation,AS3598,asn,85,"ASN, company name is name parameter",http://whois.arin.net/rest/asn/AS3598,,
2a01:111:2003::/48,Microsoft Corporation,AS8068,asn,85,"ASN, company name is name parameter",http://whois.arin.net/rest/asn/AS8068,,
2a01:111:202c::/48,Microsoft Corporation,AS8068,asn,85,"ASN, company name is name parameter",http://whois.arin.net/rest/asn/AS8068,,
2a01:111:202d::/48,Microsoft Corporation,AS8068,asn,85,"ASN, company name is name parameter",http://whois.arin.net/rest/asn/AS8068,,
2a01:111:202e::/48,Microsoft Corporation,AS8068,asn,85,"ASN, company name is name parameter",http://whois.arin.net/rest/asn/AS8068,,
52.113.194.0/24,Microsoft Corporation,AS8068,asn,85,"ASN, company name is name parameter",http://whois.arin.net/rest/asn/AS8068,,
52.113.195.0/24,Microsoft Corporation,AS8068,asn,85,"ASN, company name is name parameter",http://whois.arin.net/rest/asn/AS8068,,
52.113.196.0/24,Microsoft Corporation,AS8068,asn,85,"ASN, company name is name parameter",http://whois.arin.net/rest/asn/AS8068,,
52.113.197.0/24,Microsoft Corporation,AS8068,asn,85,"ASN, company name is name parameter",http://whois.arin.net/rest/asn/AS8068,,
107.203.141.24/29,MICROSOFT-130719100724,C04642844,customer,80,"Customer, company name is name parameter",http://whois.arin.net/rest/customer/C04642844,"Private Address, Plano, United States, 75075",
63.198.109.144/29,MICROSOFT CORP-100315175952,C02443281,customer,80,"Customer, company name is name parameter",http://whois.arin.net/rest/customer/C02443281,"Private Address, Plano, United States, 75075",
66.139.210.184/29,Microsoft-041117004030,C00953778,customer,80,"Customer, company name is name parameter",http://whois.arin.net/rest/customer/C00953778,"Private Address, Plano, United States, 75075",
68.122.201.104/29,MICROSOFT CORP-100309185659,C02439864,customer,80,"Customer, company name is name parameter",http://whois.arin.net/rest/customer/C02439864,"Private Address, Plano, United States, 75075",
68.248.48.72/29,MICROSOFT CORP-040821020338,C00891987,customer,80,"Customer, company name is name parameter",http://whois.arin.net/rest/customer/C00891987,"Private Address, Plano, United States, 75075",
71.138.83.128/29,MICROSOFT-050912114410,C01173650,customer,80,"Customer, company name is name parameter",http://whois.arin.net/rest/customer/C01173650,"Private Address, Plano, United States, 75075",
75.10.250.0/29,MICROSOFT-060411012707,C01326930,customer,80,"Customer, company name is name parameter",http://whois.arin.net/rest/customer/C01326930,"Private Address, Plano, United States, 75075",
75.50.224.112/29,MICROSOFT CORP-091014180511,C02339302,customer,80,"Customer, company name is name parameter",http://whois.arin.net/rest/customer/C02339302,"Private Address, Plano, United States, 75075",
75.55.174.208/29,MICROSOFT-090625161652,C02264342,customer,80,"Customer, company name is name parameter",http://whois.arin.net/rest/customer/C02264342,"Private Address, Plano, United States, 75075",
75.6.41.232/29,MICROSOFT-060411005717,C01326792,customer,80,"Customer, company name is name parameter",http://whois.arin.net/rest/customer/C01326792,"Private Address, Plano, United States, 75075",
75.6.41.240/29,MICROSOFT-060411005729,C01326794,customer,80,"Customer, company name is name parameter",http://whois.arin.net/rest/customer/C01326794,"Private Address, Plano, United States, 75075",
75.6.41.248/29,MICROSOFT-060411005751,C01326797,customer,80,"Customer, company name is name parameter",http://whois.arin.net/rest/customer/C01326797,"Private Address, Plano, United States, 75075",
76.240.52.192/29,MICROSOFT-070727190808,C01691535,customer,80,"Customer, company name is name parameter",http://whois.arin.net/rest/customer/C01691535,"Private Address, Plano, United States, 75075",
99.135.69.184/29,MICROSOFT-071217183003,C01834158,customer,80,"Customer, company name is name parameter",http://whois.arin.net/rest/customer/C01834158,"Private Address, Plano, United States, 75075",
99.175.204.160/29,MICROSOFT-080828213205,C02024033,customer,80,"Customer, company name is name parameter",http://whois.arin.net/rest/customer/C02024033,"Private Address, Plano, United States, 75075",
99.184.202.200/29,MICROSOFT CORP-090326203740,C02193568,customer,80,"Customer, company name is name parameter",http://whois.arin.net/rest/customer/C02193568,"Private Address, Plano, United States, 75075",
99.184.202.240/29,MICROSOFT CORP-090406114222,C02199601,customer,80,"Customer, company name is name parameter",http://whois.arin.net/rest/customer/C02199601,"Private Address, Plano, United States, 75075",
99.191.218.16/29,MICROSOFT-080905115733,C02028780,customer,80,"Customer, company name is name parameter",http://whois.arin.net/rest/customer/C02028780,"Private Address, Plano, United States, 75075",
99.49.8.248/29,MICROSOFT CORP-081024181821,C02076178,customer,80,"Customer, company name is name parameter",http://whois.arin.net/rest/customer/C02076178,"Private Address, Plano, United States, 75075",
99.58.78.104/29,MICROSOFT CORP-100430084358,C02483073,customer,80,"Customer, company name is name parameter",http://whois.arin.net/rest/customer/C02483073,"Private Address, Plano, United States, 75075",
99.58.78.96/29,MICROSOFT CORP-100430084320,C02483072,customer,80,"Customer, company name is name parameter",http://whois.arin.net/rest/customer/C02483072,"Private Address, Plano, United States, 75075",
99.63.131.168/29,MICROSOFT-090629115137,C02265769,customer,80,"Customer, company name is name parameter",http://whois.arin.net/rest/customer/C02265769,"Private Address, Plano, United States, 75075",
209.249.11.0/28,Microsoft Research,C01484371,customer,71,"Customer, no company name and extension match, address match from ARIN objects (significant score increase)",http://whois.arin.net/rest/customer/C01484371,"One Microsoft Way, Redmond, United States, 98052",
12.208.191.208/28,MICROSOFT CORPORATIONATTNITT,C07651723,customer,70,Customer,http://whois.arin.net/rest/customer/C07651723,"15434 LAMBDA DR, SAN ANTONIO, United States, 78245",
173.165.34.104/29,MICROSOFT CORPORATION ELLI,C02606242,customer,70,Customer,http://whois.arin.net/rest/customer/C02606242,"200 E RANDOLPH ST, CHICAGO, United States, 60601",
72.32.240.160/28,Microsoft Corporation - Whale,C01557088,customer,70,Customer,http://whois.arin.net/rest/customer/C01557088,"1 Microsoft Way, Bldg 27 / Rm 3460, Redmond, United States, 98052",
8.242.241.104/29,MICROSOFT CORPORATION INC,C10861089,customer,70,Customer,http://whois.arin.net/rest/customer/C10861089,"4 PARQUE INDUSTRIAL, PRIVADA DE LA PRINCESA, EL MARQUES, Mexico",
8.242.241.88/30,MICROSOFT CORPORATION INC,C10861088,customer,70,Customer,http://whois.arin.net/rest/customer/C10861088,"4 PARQUE INDUSTRIAL, PRIVADA DE LA PRINCESA, EL MARQUES, Mexico",
96.31.172.0/24,Microsoft Corporation - Server Buyout Program,C02450557,customer,70,Customer,http://whois.arin.net/rest/customer/C02450557,"4200 150th Ave. NE, Receiving Bldg 123, Redmond, United States, 98052",
131.253.1.0/24,MICROSOFT,NET-131-253-1-0-1,network,70,"Network, company name is name parameter",http://whois.arin.net/rest/net/NET-131-253-1-0-1,,
131.253.12.0/22,MICROSOFT,NET-131-253-12-0-1,network,70,"Network, company name is name parameter",http://whois.arin.net/rest/net/NET-131-253-12-0-1,,
131.253.128.0/17,MICROSOFT,NET-131-253-61-0-1,network,70,"Network, company name is name parameter",http://whois.arin.net/rest/net/NET-131-253-61-0-1,,
131.253.5.0/24,MICROSOFT,NET-131-253-5-0-1,network,70,"Network, company name is name parameter",http://whois.arin.net/rest/net/NET-131-253-5-0-1,,
131.253.8.0/24,MICROSOFT,NET-131-253-8-0-1,network,70,"Network, company name is name parameter",http://whois.arin.net/rest/net/NET-131-253-8-0-1,,
132.245.0.0/16,MICROSOFT,NET-132-245-0-0-1,network,70,"Network, company name is name parameter",http://whois.arin.net/rest/net/NET-132-245-0-0-1,,
134.170.0.0/16,MICROSOFT,NET-134-170-0-0-1,network,70,"Network, company name is name parameter",http://whois.arin.net/rest/net/NET-134-170-0-0-1,,
134.177.0.0/16,MICROSOFT,NET-134-177-0-0-1,network,70,"Network, company name is name parameter",http://whois.arin.net/rest/net/NET-134-177-0-0-1,,
137.116.0.0/16,MICROSOFT,NET-137-116-0-0-1,network,70,"Network, company name is name parameter",http://whois.arin.net/rest/net/NET-137-116-0-0-1,,
137.117.0.0/16,MICROSOFT,NET-137-117-0-0-1,network,70,"Network, company name is name parameter",http://whois.arin.net/rest/net/NET-137-117-0-0-1,,
137.135.0.0/16,MICROSOFT,NET-137-135-0-0-1,network,70,"Network, company name is name parameter",http://whois.arin.net/rest/net/NET-137-135-0-0-1,,
138.91.0.0/16,MICROSOFT,NET-138-91-0-0-1,network,70,"Network, company name is name parameter",http://whois.arin.net/rest/net/NET-138-91-0-0-1,,
168.61.0.0/16,MICROSOFT,NET-168-61-0-0-1,network,70,"Network, company name is name parameter",http://whois.arin.net/rest/net/NET-168-61-0-0-1,,
192.32.0.0/16,MICROSOFT,NET-192-32-0-0-1,network,70,"Network, company name is name parameter",http://whois.arin.net/rest/net/NET-192-32-0-0-1,,
192.48.225.0/24,MICROSOFT,NET-192-48-225-0-1,network,70,"Network, company name is name parameter",http://whois.arin.net/rest/net/NET-192-48-225-0-1,,
192.84.159.0/24,MICROSOFT,NET-192-84-159-0-1,network,70,"Network, company name is name parameter",http://whois.arin.net/rest/net/NET-192-84-159-0-1,,
192.84.160.0/24,MICROSOFT,NET-192-84-160-0-1,network,70,"Network, company name is name parameter",http://whois.arin.net/rest/net/NET-192-84-160-0-1,,
192.84.161.0/24,MICROSOFT,NET-192-84-161-0-1,network,70,"Network, company name is name parameter",http://whois.arin.net/rest/net/NET-192-84-161-0-1,,
198.200.130.0/24,MICROSOFT,NET-198-200-130-0-1,network,70,"Network, company name is name parameter",http://whois.arin.net/rest/net/NET-198-200-130-0-1,,
198.206.164.0/24,MICROSOFT,NET-198-206-164-0-1,network,70,"Network, company name is name parameter",http://whois.arin.net/rest/net/NET-198-206-164-0-1,,
198.49.8.0/24,MICROSOFT,NET-198-49-8-0-1,network,70,"Network, company name is name parameter",http://whois.arin.net/rest/net/NET-198-49-8-0-1,,
199.242.32.0/20,MICROSOFT,NET-199-242-32-0-1,network,70,"Network, company name is name parameter",http://whois.arin.net/rest/net/NET-199-242-32-0-1,,
199.30.16.0/20,MICROSOFT,NET-199-30-16-0-1,network,70,"Network, company name is name parameter",http://whois.arin.net/rest/net/NET-199-30-16-0-1,,
199.74.210.0/24,MICROSOFT,NET-199-74-210-0-1,network,70,"Network, company name is name parameter",http://whois.arin.net/rest/net/NET-199-74-210-0-1,,
204.152.140.0/23,MICROSOFT,NET-204-152-140-0-1,network,70,"Network, company name is name parameter",http://whois.arin.net/rest/net/NET-204-152-140-0-1,,
205.174.224.0/20,MICROSOFT,NET-205-174-224-0-1,network,70,"Network, company name is name parameter",http://whois.arin.net/rest/net/NET-205-174-224-0-1,,
209.240.192.0/19,MICROSOFT,NET-209-240-192-0-1,network,70,"Network, company name is name parameter",http://whois.arin.net/rest/net/NET-209-240-192-0-1,,
2600:5800:1b19::/48,MICROSOFT-CORPORATION,NET6-2600-5800-1B19-1,network,70,"Network, company name is name parameter",http://whois.arin.net/rest/net/NET6-2600-5800-1B19-1,,
64.4.0.0/18,MICROSOFT,NET-64-4-0-0-1,network,70,"Network, company name is name parameter",http://whois.arin.net/rest/net/NET-64-4-0-0-1,,
70.37.0.0/17,MICROSOFT,NET-70-37-0-0-1,network,70,"Network, company name is name parameter",http://whois.arin.net/rest/net/NET-70-37-0-0-1,,
12.184.116.64/29,MICROSOFT RETAIL STORESCO EC,C09302721,customer,68,"Customer, no company name and extension match, address match from ARIN objects (significant score increase)",http://whois.arin.net/rest/customer/C09302721,"7000 N HWY 161, IRVING, United States, 75039",
192.237.67.0/24,MICROSOFT18,NET-192-237-67-0-1,network,60,"Network, company name is name parameter",http://whois.arin.net/rest/net/NET-192-237-67-0-1,,
198.137.97.0/24,MICROSOFT19,NET-198-137-97-0-1,network,60,"Network, company name is name parameter",http://whois.arin.net/rest/net/NET-198-137-97-0-1,,
199.103.90.0/23,MICROSOFT-1,NET-199-103-90-0-1,network,60,"Network, company name is name parameter",http://whois.arin.net/rest/net/NET-199-103-90-0-1,,
199.6.92.0/23,MICROSOFT17,NET-199-6-92-0-1,network,60,"Network, company name is name parameter",http://whois.arin.net/rest/net/NET-199-6-92-0-1,,
204.140.77.0/24,MICROSOFT15,NET-204-140-77-0-1,network,60,"Network, company name is name parameter",http://whois.arin.net/rest/net/NET-204-140-77-0-1,,
204.140.80.0/22,MICROSOFT16,NET-204-140-80-0-1,network,60,"Network, company name is name parameter",http://whois.arin.net/rest/net/NET-204-140-80-0-1,,
204.231.192.0/24,MICROSOFT26,NET-204-231-192-0-1,network,60,"Network, company name is name parameter",http://whois.arin.net/rest/net/NET-204-231-192-0-1,,
204.231.194.0/23,MICROSOFT27,NET-204-231-194-0-1,network,60,"Network, company name is name parameter",http://whois.arin.net/rest/net/NET-204-231-194-0-1,,
204.231.197.0/24,MICROSOFT27,NET-204-231-197-0-1,network,60,"Network, company name is name parameter",http://whois.arin.net/rest/net/NET-204-231-197-0-1,,
204.231.236.0/24,MICROSOFT28,NET-204-231-236-0-1,network,60,"Network, company name is name parameter",http://whois.arin.net/rest/net/NET-204-231-236-0-1,,
204.231.58.0/24,MICROSOFT19-NET58,NET-204-231-58-0-1,network,60,"Network, company name is name parameter",http://whois.arin.net/rest/net/NET-204-231-58-0-1,,
204.231.76.0/24,MICROSOFT20,NET-204-231-76-0-1,network,60,"Network, company name is name parameter",http://whois.arin.net/rest/net/NET-204-231-76-0-1,,
204.79.101.0/24,MICROSOFT8,NET-204-79-101-0-1,network,60,"Network, company name is name parameter",http://whois.arin.net/rest/net/NET-204-79-101-0-1,,
204.79.181.0/24,MICROSOFT11,NET-204-79-181-0-1,network,60,"Network, company name is name parameter",http://whois.arin.net/rest/net/NET-204-79-181-0-1,,
204.79.7.0/24,MICROSOFT-2,NET-204-79-7-0-1,network,60,"Network, company name is name parameter",http://whois.arin.net/rest/net/NET-204-79-7-0-1,,
205.248.10.0/23,MICROSOFT29,NET-205-248-10-0-1,network,60,"Network, company name is name parameter",http://whois.arin.net/rest/net/NET-205-248-10-0-1,,
205.248.212.0/22,MICROSOFT35,NET-205-248-212-0-1,network,60,"Network, company name is name parameter",http://whois.arin.net/rest/net/NET-205-248-212-0-1,,
205.248.228.0/24,MICROSOFT36,NET-205-248-228-0-1,network,60,"Network, company name is name parameter",http://whois.arin.net/rest/net/NET-205-248-228-0-1,,
205.248.235.0/24,MICROSOFT37,NET-205-248-235-0-1,network,60,"Network, company name is name parameter",http://whois.arin.net/rest/net/NET-205-248-235-0-1,,
205.248.243.0/24,MICROSOFT44,NET-205-248-243-0-1,network,60,"Network, company name is name parameter",http://whois.arin.net/rest/net/NET-205-248-243-0-1,,
205.248.41.0/24,MICROSOFT30,NET-205-248-41-0-1,network,60,"Network, company name is name parameter",http://whois.arin.net/rest/net/NET-205-248-41-0-1,,
205.248.50.0/23,MICROSOFT31,NET-205-248-50-0-1,network,60,"Network, company name is name parameter",http://whois.arin.net/rest/net/NET-205-248-50-0-1,,
205.248.61.0/24,MICROSOFT32,NET-205-248-61-0-1,network,60,"Network, company name is name parameter",http://whois.arin.net/rest/net/NET-205-248-61-0-1,,
205.248.72.0/24,MICROSOFT34,NET-205-248-72-0-1,network,60,"Network, company name is name parameter",http://whois.arin.net/rest/net/NET-205-248-72-0-1,,
206.182.236.0/24,MICROSOFT62,NET-206-182-236-0-1,network,60,"Network, company name is name parameter",http://whois.arin.net/rest/net/NET-206-182-236-0-1,,
206.182.240.0/24,MICROSOFT63,NET-206-182-240-0-1,network,60,"Network, company name is name parameter",http://whois.arin.net/rest/net/NET-206-182-240-0-1,,
206.182.241.0/24,MICROSOFT64,NET-206-182-241-0-1,network,60,"Network, company name is name parameter",http://whois.arin.net/rest/net/NET-206-182-241-0-1,,
206.182.247.0/24,MICROSOFT65,NET-206-182-247-0-1,network,60,"Network, company name is name parameter",http://whois.arin.net/rest/net/NET-206-182-247-0-1,,
206.182.251.0/24,MICROSOFT66,NET-206-182-251-0-1,network,60,"Network, company name is name parameter",http://whois.arin.net/rest/net/NET-206-182-251-0-1,,
206.182.69.0/24,MICROSOFT61,NET-206-182-69-0-1,network,60,"Network, company name is name parameter",http://whois.arin.net/rest/net/NET-206-182-69-0-1,,
206.73.118.0/24,MICROSOFT56,NET-206-73-118-0-1,network,60,"Network, company name is name parameter",http://whois.arin.net/rest/net/NET-206-73-118-0-1,,
206.73.203.0/24,MICROSOFT57,NET-206-73-203-0-1,network,60,"Network, company name is name parameter",http://whois.arin.net/rest/net/NET-206-73-203-0-1,,
206.73.31.0/24,MICROSOFT58,NET-206-73-31-0-1,network,60,"Network, company name is name parameter",http://whois.arin.net/rest/net/NET-206-73-31-0-1,,
206.73.67.0/24,MICROSOFT59,NET-206-73-67-0-1,network,60,"Network, company name is name parameter",http://whois.arin.net/rest/net/NET-206-73-67-0-1,,
207.209.68.0/24,MICROSOFT50,NET-207-209-68-0-1,network,60,"Network, company name is name parameter",http://whois.arin.net/rest/net/NET-207-209-68-0-1,,
209.28.213.0/24,MICROSOFT55,NET-209-28-213-0-1,network,60,"Network, company name is name parameter",http://whois.arin.net/rest/net/NET-209-28-213-0-1,,
65.52.0.0/14,MICROSOFT-1BLK,NET-65-52-0-0-1,network,60,"Network, company name is name parameter",http://whois.arin.net/rest/net/NET-65-52-0-0-1,,
192.197.157.0/24,MICROSOFT-CORP-MSN-2,NET-192-197-157-0-1,network,50,Network,http://whois.arin.net/rest/net/NET-192-197-157-0-1,,
199.103.122.0/24,MICROSOFT-CORP-MSN-3,NET-199-103-122-0-1,network,50,Network,http://whois.arin.net/rest/net/NET-199-103-122-0-1,,
199.60.28.0/24,MICROSOFT-CORP-MSN-1,NET-199-60-28-0-1,network,50,Network,http://whois.arin.net/rest/net/NET-199-60-28-0-1,,
207.68.128.0/18,MICROSOFT-CORP-MSN-BLK,NET-207-68-128-0-1,network,50,Network,http://whois.arin.net/rest/net/NET-207-68-128-0-1,,
74.199.226.64/30,MICROSOFT-CORPORATION-GTT,NET-74-199-226-64-1,network,50,Network,http://whois.arin.net/rest/net/NET-74-199-226-64-1,,
104.130.107.204/30,Microsoft vNext Infrastructure,C05419532,customer,45,"Customer, no company name and extension match",http://whois.arin.net/rest/customer/C05419532,"1 Fanatical Place, San Antonio, United States, 78218",
104.130.186.112/28,Microsoft vNext Infrastructure,C05395819,customer,45,"Customer, no company name and extension match",http://whois.arin.net/rest/customer/C05395819,"1 Fanatical Place, San Antonio, United States, 78218",
104.130.249.240/30,Microsoft vNext Infrastructure,C06142620,customer,45,"Customer, no company name and extension match",http://whois.arin.net/rest/customer/C06142620,"1 Fanatical Place, San Antonio, United States, 78218",
104.239.178.128/28,Microsoft vNext Infrastructure,C05554769,customer,45,"Customer, no company name and extension match",http://whois.arin.net/rest/customer/C05554769,"1 Fanatical Place, San Antonio, United States, 78218",
104.239.218.178/31,Microsoft vNext Infrastructure,C05689493,customer,45,"Customer, no company name and extension match",http://whois.arin.net/rest/customer/C05689493,"1 Fanatical Place, San Antonio, United States, 78218",
108.166.0.152/29,Microsoft vNext Infrastructure,C05689492,customer,45,"Customer, no company name and extension match",http://whois.arin.net/rest/customer/C05689492,"1 Fanatical Place, San Antonio, United States, 78218",
12.133.11.88/29,MICROSOFT RETAIL STORESCO EC,C10956665,customer,45,"Customer, no company name and extension match",http://whois.arin.net/rest/customer/C10956665,"1601 N RIVER RD, LITH SPGS, United States, 30122",
12.190.204.120/29,MICROSOFT RETAIL STORESCO EC,C11096867,customer,45,"Customer, no company name and extension match",http://whois.arin.net/rest/customer/C11096867,"14840 W YUMA RD, GOODYEAR, United States, 85338",
12.236.213.144/28,MICROSOFT RETAIL STORESCO EC,C11067194,customer,45,"Customer, no company name and extension match",http://whois.arin.net/rest/customer/C11067194,"4915 NE STARR BLVD, HILLSBORO, United States, 97124",
162.221.85.252/30,Microsoft Store,C07018889,customer,45,"Customer, no company name and extension match",http://whois.arin.net/rest/customer/C07018889,"364 Maine Mall Road Suite K106, Portland, United States, 04106",
162.221.86.64/27,Microsoft-Store,C04980001,customer,45,"Customer, no company name and extension match",http://whois.arin.net/rest/customer/C04980001,"630 Old Country Rd, Garden City, United States, 11530",
173.14.75.64/29,MICROSOFT NATIONAL,C02317131,customer,45,"Customer, no company name and extension match",http://whois.arin.net/rest/customer/C02317131,"1 Unavailable Street, SACRAMENTO, United States, 95814",
173.15.102.72/29,MICROSOFT DOWNERS GROVE,C03056786,customer,45,"Customer, no company name and extension match",http://whois.arin.net/rest/customer/C03056786,"1 Unavailable Street, DOWNERS GROVE, United States, 60515",
173.203.13.72/29,Microsoft vNext Infrastructure,C05853412,customer,45,"Customer, no company name and extension match",http://whois.arin.net/rest/customer/C05853412,"1 Fanatical Place, San Antonio, United States, 78218",
174.142.12.192/29,Microsoft Canada Co,C02465088,customer,45,"Customer, no company name and extension match",http://whois.arin.net/rest/customer/C02465088,"1950 Meadowvale BLVD, Mississauga, Canada, L5N-8L9",
174.142.239.224/29,Microsoft Canada Co,C02496636,customer,45,"Customer, no company name and extension match",http://whois.arin.net/rest/customer/C02496636,"1950 Meadowvale Blvd, Mississauga, Canada, L5N-8L9",
184.107.71.16/29,Microsoft Canada,C02876782,customer,45,"Customer, no company name and extension match",http://whois.arin.net/rest/customer/C02876782,"1950 Meadowvale Blvd., Mississauga, Canada, L5N-8L9",
198.50.121.224/29,Microsoft Canada Co,C03373627,customer,45,"Customer, no company name and extension match",http://whois.arin.net/rest/customer/C03373627,"1950 Meadowvale BLVD, Mississauga, Canada, L5N-8L9",
198.61.242.128/28,Microsoft vNext Infrastructure,C05689489,customer,45,"Customer, no company name and extension match",http://whois.arin.net/rest/customer/C05689489,"1 Fanatical Place, San Antonio, United States, 78218",
199.243.157.112/29,Microsoft Canada,C00620440,customer,45,"Customer, no company name and extension match",http://whois.arin.net/rest/customer/C00620440,"10180 101 Street NW, Suite 1178, Edmonton, Canada, T5J-3S4",
199.243.157.192/27,Microsoft Canada,C00670568,customer,45,"Customer, no company name and extension match",http://whois.arin.net/rest/customer/C00670568,"10180 101 Street NW, Suite 1178, Edmonton, Canada, T5J-3S4",
2001:1890:1a8f:6b00::/56,MICROSOFT RETAIL STORESCO EC,C09510448,customer,45,"Customer, no company name and extension match",http://whois.arin.net/rest/customer/C09510448,"9401 Grand Ave, Franklin Park, United States, 60131",
2001:1890:1bda:cf00::/56,MICROSOFT RETAIL STORES,C10085241,customer,45,"Customer, no company name and extension match",http://whois.arin.net/rest/customer/C10085241,"MICROSOFT, CHARLOTTE, United States, 28273-8106",
2001:1890:1c05:b600::/56,MICROSOFT RETAIL STORESCO EC,C11058238,customer,45,"Customer, no company name and extension match",http://whois.arin.net/rest/customer/C11058238,"2400 Buffalo Avenue, JKVL, United States, 32246",
2001:1890:1c05:c700::/56,MICROSOFT RETAIL STORESCO EC,C11055045,customer,45,"Customer, no company name and extension match",http://whois.arin.net/rest/customer/C11055045,"2400 Buffalo Avenue, JKVL, United States, 32246",
2001:1890:1c05:ef00::/56,MICROSOFT RETAIL STORESCO EC,C11066683,customer,45,"Customer, no company name and extension match",http://whois.arin.net/rest/customer/C11066683,"2400 Buffalo Avenue, JKVL, United States, 32246",
2001:1890:1c05:f400::/56,MICROSOFT RETAIL STORESCO EC,C11066693,customer,45,"Customer, no company name and extension match",http://whois.arin.net/rest/customer/C11066693,"2400 Buffalo Avenue, JKVL, United States, 32246",
2001:1890:1c05:ff00::/56,MICROSOFT RETAIL STORESCO EC,C11058268,customer,45,"Customer, no company name and extension match",http://whois.arin.net/rest/customer/C11058268,"2400 Buffalo Avenue, JKVL, United States, 32246",
2001:1890:1c08:7000::/56,MICROSOFT RETAIL STORESCO EC,C11058269,customer,45,"Customer, no company name and extension match",http://whois.arin.net/rest/customer/C11058269,"2400 Buffalo Avenue, JKVL, United States, 32246",
2001:1890:1c08:7d00::/56,MICROSOFT RETAIL STORESCO EC,C11058277,customer,45,"Customer, no company name and extension match",http://whois.arin.net/rest/customer/C11058277,"2400 Buffalo Avenue, JKVL, United States, 32246",
2001:1890:1c08:8900::/56,MICROSOFT RETAIL STORESCO EC,C11058510,customer,45,"Customer, no company name and extension match",http://whois.arin.net/rest/customer/C11058510,"2400 Buffalo Avenue, JKVL, United States, 32246",
2001:1890:1c08:b700::/56,MICROSOFT RETAIL STORESCO EC,C11059084,customer,45,"Customer, no company name and extension match",http://whois.arin.net/rest/customer/C11059084,"2400 Buffalo Avenue, JKVL, United States, 32246",
2001:1890:1c08:c800::/56,MICROSOFT RETAIL STORESCO EC,C11096411,customer,45,"Customer, no company name and extension match",http://whois.arin.net/rest/customer/C11096411,"12150 Monument Dr STE 700, SAN FRANCISCO, United States, 94103",
2001:1890:1f1a:d000::/56,MICROSOFT RETAIL STORESCO EC,C10896759,customer,45,"Customer, no company name and extension match",http://whois.arin.net/rest/customer/C10896759,"200 17th St NW, ATLANTA, United States, 30363-1016",
2001:1890:1f4c:e300::/56,MICROSOFT RETAIL STORESCO EC,C10818968,customer,45,"Customer, no company name and extension match",http://whois.arin.net/rest/customer/C10818968,"1700 North River Road, LITHIA SPRINGS, United States, 30122-4043",
204.232.225.136/29,Microsoft vNext Infrastructure,C05873768,customer,45,"Customer, no company name and extension match",http://whois.arin.net/rest/customer/C05873768,"1 Fanatical Place, San Antonio, United States, 78218",
207.245.202.72/31,Microsoft Canada Inc.,C10429656,customer,45,"Customer, no company name and extension match",http://whois.arin.net/rest/customer/C10429656,"100 Queen St, Ottawa, Canada, K1P 1J9",
207.97.216.210/31,Microsoft vNext Infrastructure,C06146512,customer,45,"Customer, no company name and extension match",http://whois.arin.net/rest/customer/C06146512,"1 Fanatical Place, San Antonio, United States, 78218",
207.97.226.152/29,Microsoft vNext Infrastructure,C05854944,customer,45,"Customer, no company name and extension match",http://whois.arin.net/rest/customer/C05854944,"1 Fanatical Place, San Antonio, United States, 78218",
208.247.128.48/29,Microsoft/WKBD,C00547463,customer,45,"Customer, no company name and extension match",http://whois.arin.net/rest/customer/C00547463,"26905 West 11 Mile Rd., Southfield, United States, 48034",
23.253.14.64/26,Microsoft vNext Infrastructure,C05639150,customer,45,"Customer, no company name and extension match",http://whois.arin.net/rest/customer/C05639150,"1 Fanatical Place, San Antonio, United States, 78218",
50.78.180.232/29,MICROSOFT NATIONAL,C03081691,customer,45,"Customer, no company name and extension match",http://whois.arin.net/rest/customer/C03081691,"1414 NW NORTHRUP ST, PORTLAND, United States, 97209",
63.201.18.72/29,Microsoft Licensing Ltd,C00606367,customer,45,"Customer, no company name and extension match",http://whois.arin.net/rest/customer/C00606367,"268 Bush St. #5000, San Francisco, United States, 94104",
64.124.68.16/28,MICROSOFT TV,C00788807,customer,45,"Customer, no company name and extension match",http://whois.arin.net/rest/customer/C00788807,"1065 La Avienda St, Mountain View, United States, 00000",
65.223.196.0/24,MICROSOFT NEW YORK-1290,C00619729,customer,45,"Customer, no company name and extension match",http://whois.arin.net/rest/customer/C00619729,"1290 AVENUE OF THE AMERICAS, 6th floor--Microsoft Cable room, NEW YORK, United States, 10104-0101",
66.122.85.200/29,Microsoft Licensing Ltd,C00606346,customer,45,"Customer, no company name and extension match",http://whois.arin.net/rest/customer/C00606346,"268 Bush St. #5000, San Francisco, United States, 94104",
67.118.43.224/29,Microsoft Licensing Inc,C00350596,customer,45,"Customer, no company name and extension match",http://whois.arin.net/rest/customer/C00350596,"268 Bush St, San Francisco, United States, 94104",
67.120.132.128/29,Microsoft Licensing,C00357290,customer,45,"Customer, no company name and extension match",http://whois.arin.net/rest/customer/C00357290,"268 Bush St, San Francisco, United States, 94104",
67.120.132.152/29,Microsoft Licensing,C00357308,customer,45,"Customer, no company name and extension match",http://whois.arin.net/rest/customer/C00357308,"268 Bush St, San Francisco, United States, 94104",
67.120.132.192/28,Microsoft Licensing,C00358263,customer,45,"Customer, no company name and extension match",http://whois.arin.net/rest/customer/C00358263,"268 Bush St, San Francisco, United States, 94104",
67.120.132.208/28,Microsoft Licensing,C00358267,customer,45,"Customer, no company name and extension match",http://whois.arin.net/rest/customer/C00358267,"268 Bush St, San Francisco, United States, 94104",
67.39.81.152/29,MICROSOFT CROP,C00313923,customer,45,"Customer, no company name and extension match",http://whois.arin.net/rest/customer/C00313923,"2701 West 15th Street PMB 236, Plano, United States, 75075",
68.123.79.48/29,Microsoft Licensing,C00719254,customer,45,"Customer, no company name and extension match",http://whois.arin.net/rest/customer/C00719254,"268 Bush St. #5000, San Francisco, United States, 94104",
68.123.79.64/28,Microsoft Licensing,C00719253,customer,45,"Customer, no company name and extension match",http://whois.arin.net/rest/customer/C00719253,"268 Bush St. #5000, San Francisco, United States, 94104",
68.123.79.80/28,Microsoft Licensing,C00719258,customer,45,"Customer, no company name and extension match",http://whois.arin.net/rest/customer/C00719258,"268 Bush St. #5000, San Francisco, United States, 94104",
69.20.101.184/29,Microsoft vNext Infrastructure,C05852691,customer,45,"Customer, no company name and extension match",http://whois.arin.net/rest/customer/C05852691,"1 Fanatical Place, San Antonio, United States, 78218",
69.20.114.144/29,Microsoft vNext Infrastructure,C05853914,customer,45,"Customer, no company name and extension match",http://whois.arin.net/rest/customer/C05853914,"1 Fanatical Place, San Antonio, United States, 78218",
70.38.80.48/29,Microsoft Canada Co,C02114906,customer,45,"Customer, no company name and extension match",http://whois.arin.net/rest/customer/C02114906,"1950 Meadowvale BLVD, Mississauga, Canada, L5N-8L9",
72.128.139.160/29,MICROSOFT RADIUS SECURITY,C07175873,customer,45,"Customer, no company name and extension match",http://whois.arin.net/rest/customer/C07175873,"2012 WIDGON WAY, FLOWER MOUND, United States, 75028",
72.32.40.136/29,Microsoft vNext Infrastructure,C05852767,customer,45,"Customer, no company name and extension match",http://whois.arin.net/rest/customer/C05852767,"1 Fanatical Place, San Antonio, United States, 78218",
75.32.113.184/29,MICROSOFT LICENSING-070131072744,C01559092,customer,45,"Customer, no company name and extension match",http://whois.arin.net/rest/customer/C01559092,"Private Address, Plano, United States, 75075",
75.39.244.144/29,MICROSOFT LICENSING-061014203532,C01472366,customer,45,"Customer, no company name and extension match",http://whois.arin.net/rest/customer/C01472366,"Private Address, Plano, United States, 75075",
8.242.206.64/29,MICROSOFT DATACENTER CHILE LTDA,C07735352,customer,45,"Customer, no company name and extension match",http://whois.arin.net/rest/customer/C07735352,"Santiago, Santiago, Chile",
67.118.42.144/29,MicrosoftLicensingInc3434546,C00344750,customer,35,"Customer, no company name and extension match, alphabetic characters after company name",http://whois.arin.net/rest/customer/C00344750,"268 bush st #5000, san francisco, United States, 94104",
12.223.144.128/25,MICROSOFT-NET-12-223-144-128,NET-12-223-144-128-1,network,30,"Network, no company name and extension match",http://whois.arin.net/rest/net/NET-12-223-144-128-1,,
12.23.114.128/25,MICROSOFT-NET-12-23-114-128,NET-12-23-114-128-1,network,30,"Network, no company name and extension match",http://whois.arin.net/rest/net/NET-12-23-114-128-1,,
192.92.90.0/24,MICROSOFT-VEXCEL,NET-192-92-90-0-1,network,30,"Network, no company name and extension match",http://whois.arin.net/rest/net/NET-192-92-90-0-1,,
2001:4898::/31,MICROSOFT-IPV6-BLK,NET6-2001-4898-1,network,30,"Network, no company name and extension match",http://whois.arin.net/rest/net/NET6-2001-4898-1,,
2001:506:28::/48,MICROSOFT-IPV6-BLK,NET6-2001-506-28-1,network,30,"Network, no company name and extension match",http://whois.arin.net/rest/net/NET6-2001-506-28-1,,
2001:5a0:3c06::/48,MICROSOFT-TATAC,NET6-2001-5A0-3C06-1,network,30,"Network, no company name and extension match",http://whois.arin.net/rest/net/NET6-2001-5A0-3C06-1,,
2001:5a0:4406::/48,MICROSOFT-TATAC,NET6-2001-5A0-4406-1,network,30,"Network, no company name and extension match",http://whois.arin.net/rest/net/NET6-2001-5A0-4406-1,,
204.79.135.0/24,MICROSOFT-HK,NET-204-79-135-0-1,network,30,"Network, no company name and extension match",http://whois.arin.net/rest/net/NET-204-79-135-0-1,,
204.79.188.0/24,MICROSOFT-PLACEWARE-2,NET-204-79-188-0-1,network,30,"Network, no company name and extension match",http://whois.arin.net/rest/net/NET-204-79-188-0-1,,
204.79.252.0/24,MICROSOFT-PLACEWARE-2,NET-204-79-252-0-1,network,30,"Network, no company name and extension match",http://whois.arin.net/rest/net/NET-204-79-252-0-1,,
204.79.27.0/24,MICROSOFT-NET1,NET-204-79-27-0-1,network,30,"Network, no company name and extension match",http://whois.arin.net/rest/net/NET-204-79-27-0-1,,
207.46.0.0/16,MICROSOFT-GLOBAL-NET,NET-207-46-0-0-1,network,30,"Network, no company name and extension match",http://whois.arin.net/rest/net/NET-207-46-0-0-1,,
63.243.229.0/25,MICROSOFT-TATAC,NET-63-243-229-0-1,network,30,"Network, no company name and extension match",http://whois.arin.net/rest/net/NET-63-243-229-0-1,,
66.198.12.0/25,MICROSOFT-TATAC,NET-66-198-12-0-1,network,30,"Network, no company name and extension match",http://whois.arin.net/rest/net/NET-66-198-12-0-1,,
66.7.174.0/29,MICROSOFT-GTT,NET-66-7-174-0-1,network,30,"Network, no company name and extension match",http://whois.arin.net/rest/net/NET-66-7-174-0-1,,
74.199.233.60/30,MICROSOFT-GTT,NET-74-199-233-60-1,network,30,"Network, no company name and extension match",http://whois.arin.net/rest/net/NET-74-199-233-60-1,,
204.133.231.0/24,MICROSOFTDENVER,NET-204-133-231-0-1,network,20,"Network, no company name and extension match, alphabetic characters after company name",http://whois.arin.net/rest/net/NET-204-133-231-0-1,,
2602:fd5e:4::/48,Microsoft Corporation,AS12076,asn,0,Duplicate network,http://whois.arin.net/rest/asn/AS12076,,
131.107.0.0/16,MICROSOFT,NET-131-107-0-0-1,network,0,Duplicate network,http://whois.arin.net/rest/net/NET-131-107-0-0-1,,
131.253.21.0/24,MICROSOFT,NET-131-253-21-0-1,network,0,Duplicate network,http://whois.arin.net/rest/net/NET-131-253-21-0-1,,
131.253.3.0/24,MICROSOFT,NET-131-253-3-0-1,network,0,Duplicate network,http://whois.arin.net/rest/net/NET-131-253-3-0-1,,
23.25.198.144/28,MICROSOFT,NET-23-25-198-144-1,network,0,Duplicate network,http://whois.arin.net/rest/net/NET-23-25-198-144-1,,
50.73.118.152/29,MICROSOFT,NET-50-73-118-152-1,network,0,Duplicate network,http://whois.arin.net/rest/net/NET-50-73-118-152-1,,
50.77.143.56/29,MICROSOFT,NET-50-77-143-56-1,network,0,Duplicate network,http://whois.arin.net/rest/net/NET-50-77-143-56-1,,
74.113.218.96/27,MICROSOFT,NET-74-113-218-96-1,network,0,Duplicate network,http://whois.arin.net/rest/net/NET-74-113-218-96-1,,
74.113.220.0/28,MICROSOFT,NET-74-113-220-0-1,network,0,Duplicate network,http://whois.arin.net/rest/net/NET-74-113-220-0-1,,
162.249.88.0/26,MICROSOFT-CORPORATION-STORE73,NET-162-249-88-0-2,network,0,Duplicate network,http://whois.arin.net/rest/net/NET-162-249-88-0-2,,
209.120.234.172/30,MICROSOFT-CORPORATION-GTT,NET-209-120-234-172-1,network,0,Duplicate network,http://whois.arin.net/rest/net/NET-209-120-234-172-1,,
216.123.3.128/26,MICROSOFT-CORPORATION-STORE73B,NET-216-123-3-128-1,network,0,Duplicate network,http://whois.arin.net/rest/net/NET-216-123-3-128-1,,
66.46.125.192/27,MICROSOFT-CORPORATION-STORE72B,NET-66-46-125-192-1,network,0,Duplicate network,http://whois.arin.net/rest/net/NET-66-46-125-192-1,,
66.46.125.224/27,MICROSOFT-CORPORATION-STORE72,NET-66-46-125-224-1,network,0,Duplicate network,http://whois.arin.net/rest/net/NET-66-46-125-224-1,,
96.31.172.0/24,MICROSOFT-CORPORATION-SERVER-BUYOUT-PROGRAM,NET-96-31-172-0-1,network,0,Duplicate network,http://whois.arin.net/rest/net/NET-96-31-172-0-1,,
162.221.85.252/30,MICROSOFT-STORE-8067,NET-162-221-85-252-1,network,0,Duplicate network,http://whois.arin.net/rest/net/NET-162-221-85-252-1,,
162.221.86.64/27,MICROSOFT-STORE-ROOSEVELT-FIELD-MALL,NET-162-221-86-64-1,network,0,Duplicate network,http://whois.arin.net/rest/net/NET-162-221-86-64-1,,
173.205.13.128/29,MICROSOFT-GTT,NET-173-205-13-128-1,network,0,Duplicate network,http://whois.arin.net/rest/net/NET-173-205-13-128-1,,
173.205.27.104/29,MICROSOFT-GTT,NET-173-205-27-104-1,network,0,Duplicate network,http://whois.arin.net/rest/net/NET-173-205-27-104-1,,
173.205.27.112/28,MICROSOFT-GTT,NET-173-205-27-112-1,network,0,Duplicate network,http://whois.arin.net/rest/net/NET-173-205-27-112-1,,
173.205.27.160/27,MICROSOFT-GTT,NET-173-205-27-160-1,network,0,Duplicate network,http://whois.arin.net/rest/net/NET-173-205-27-160-1,,
204.237.202.96/28,MICROSOFT-GTT,NET-204-237-202-96-1,network,0,Duplicate network,http://whois.arin.net/rest/net/NET-204-237-202-96-1,,
67.212.138.0/28,MICROSOFT-BIZSPARK,NET-67-212-138-0-1,network,0,Duplicate network,http://whois.arin.net/rest/net/NET-67-212-138-0-1,,
72.37.145.24/29,MICROSOFT-GTT,NET-72-37-145-24-1,network,0,Duplicate network,http://whois.arin.net/rest/net/NET-72-37-145-24-1,,
173.14.75.64/29,MICROSOFTNATIONAL,NET-173-14-75-64-1,network,0,Duplicate network,http://whois.arin.net/rest/net/NET-173-14-75-64-1,,
173.15.102.72/29,MICROSOFTDOWNERSGROVE,NET-173-15-102-72-1,network,0,Duplicate network,http://whois.arin.net/rest/net/NET-173-15-102-72-1,,
173.165.34.104/29,MICROSOFTCORPORATIONELLI,NET-173-165-34-104-1,network,0,Duplicate network,http://whois.arin.net/rest/net/NET-173-165-34-104-1,,
50.78.180.232/29,MICROSOFTNATIONAL,NET-50-78-180-232-1,network,0,Duplicate network,http://whois.arin.net/rest/net/NET-50-78-180-232-1,,
157.58.192.0/19,Microsoft Corporation,AS3598,asn,0,Duplicate network,http://whois.arin.net/rest/asn/AS3598,,
157.58.216.0/24,Microsoft Corporation,AS5761,asn,0,Duplicate network,http://whois.arin.net/rest/asn/AS5761,,
157.58.31.0/24,Microsoft Corporation,AS3598,asn,0,Duplicate network,http://whois.arin.net/rest/asn/AS3598,,
167.220.0.0/17,Microsoft Corporation,AS3598,asn,0,Duplicate network,http://whois.arin.net/rest/asn/AS3598,,
167.220.128.0/18,Microsoft Corporation,AS3598,asn,0,Duplicate network,http://whois.arin.net/rest/asn/AS3598,,
167.220.148.0/22,Microsoft Corporation,AS3598,asn,0,Duplicate network,http://whois.arin.net/rest/asn/AS3598,,
167.220.152.0/24,Microsoft Corporation,AS3598,asn,0,Duplicate network,http://whois.arin.net/rest/asn/AS3598,,
167.220.192.0/19,Microsoft Corporation,AS3598,asn,0,Duplicate network,http://whois.arin.net/rest/asn/AS3598,,
167.220.204.0/22,Microsoft Corporation,AS3598,asn,0,Duplicate network,http://whois.arin.net/rest/asn/AS3598,,
167.220.224.0/19,Microsoft Corporation,AS3598,asn,0,Duplicate network,http://whois.arin.net/rest/asn/AS3598,,
194.69.100.0/22,Microsoft Corporation,AS3598,asn,0,Duplicate network,http://whois.arin.net/rest/asn/AS3598,,
2001:4898::/32,Microsoft Corporation,AS3598,asn,0,Duplicate network,http://whois.arin.net/rest/asn/AS3598,,
2001:4898:b080::/48,Microsoft Corporation,AS5761,asn,0,Duplicate network,http://whois.arin.net/rest/asn/AS5761,,
2a01:110:8020::/48,Microsoft Corporation,AS3598,asn,0,Duplicate network,http://whois.arin.net/rest/asn/AS3598,,
2a01:110:8068::/48,Microsoft Corporation,AS3598,asn,0,Duplicate network,http://whois.arin.net/rest/asn/AS3598,,
2a01:110:e050::/48,Microsoft Corporation,AS6584,asn,0,Duplicate network,http://whois.arin.net/rest/asn/AS6584,,
65.53.0.0/16,Microsoft Corporation,AS3598,asn,0,Duplicate network,http://whois.arin.net/rest/asn/AS3598,,
167.220.196.0/22,MICROSOFT - UK,C03398552,customer,0,Duplicate network,http://whois.arin.net/rest/customer/C03398552,"Microsoft Campus, Thames Valley Park, Reading, United Kingdom, RG6 1WG",
167.220.200.0/24,MICROSOFT - IRELAND,C03398199,customer,0,Duplicate network,http://whois.arin.net/rest/customer/C03398199,"Building 3, Carmanhall Road, Sandyford Industrial Estate, Dublin, Ireland, D18",
167.220.201.0/24,MICROSOFT - UK,C03398551,customer,0,Duplicate network,http://whois.arin.net/rest/customer/C03398551,"Microsoft Campus, Thames Valley Park, Reading, United Kingdom, RG6 1WG",
167.220.0.0/17,MICROSOFT-GP-NET,NET-167-220-0-0-1,network,0,Duplicate network,http://whois.arin.net/rest/net/NET-167-220-0-0-1,,
Join for free to explore hosted domains ,Microsoft Corporation,AS3598,asn,0,No IP information,http://whois.arin.net/rest/asn/AS3598,,
Join for free to explore hosted domains ,Microsoft Corporation,AS8068,asn,0,No IP information,http://whois.arin.net/rest/asn/AS8068,,
Join for free to view whois details ,Microsoft Corporation,AS12076,asn,0,No IP information,http://whois.arin.net/rest/asn/AS12076,,
Join for free to view whois details ,Microsoft Corporation,AS13399,asn,0,No IP information,http://whois.arin.net/rest/asn/AS13399,,
Join for free to view whois details ,Microsoft Corporation,AS14719,asn,0,No IP information,http://whois.arin.net/rest/asn/AS14719,,
Join for free to view whois details ,Microsoft Corporation,AS20046,asn,0,No IP information,http://whois.arin.net/rest/asn/AS20046,,
Join for free to view whois details ,Microsoft Corporation,AS23468,asn,0,No IP information,http://whois.arin.net/rest/asn/AS23468,,
Join for free to view whois details ,Microsoft Corporation,AS3598,asn,0,No IP information,http://whois.arin.net/rest/asn/AS3598,,
Join for free to view whois details ,Microsoft Corporation,AS395496,asn,0,No IP information,http://whois.arin.net/rest/asn/AS395496,,
Join for free to view whois details ,Microsoft Corporation,AS395524,asn,0,No IP information,http://whois.arin.net/rest/asn/AS395524,,
Join for free to view whois details ,Microsoft Corporation,AS395851,asn,0,No IP information,http://whois.arin.net/rest/asn/AS395851,,
Join for free to view whois details ,Microsoft Corporation,AS396463,asn,0,No IP information,http://whois.arin.net/rest/asn/AS396463,,
Join for free to view whois details ,Microsoft Corporation,AS397096,asn,0,No IP information,http://whois.arin.net/rest/asn/AS397096,,
Join for free to view whois details ,Microsoft Corporation,AS398575,asn,0,No IP information,http://whois.arin.net/rest/asn/AS398575,,
Join for free to view whois details ,Microsoft Corporation,AS398656,asn,0,No IP information,http://whois.arin.net/rest/asn/AS398656,,
Join for free to view whois details ,Microsoft Corporation,AS400572,asn,0,No IP information,http://whois.arin.net/rest/asn/AS400572,,
Join for free to view whois details ,Microsoft Corporation,AS5761,asn,0,No IP information,http://whois.arin.net/rest/asn/AS5761,,
Join for free to view whois details ,Microsoft Corporation,AS6182,asn,0,No IP information,http://whois.arin.net/rest/asn/AS6182,,
Join for free to view whois details ,Microsoft Corporation,AS6291,asn,0,No IP information,http://whois.arin.net/rest/asn/AS6291,,
Join for free to view whois details ,Microsoft Corporation,AS6584,asn,0,No IP information,http://whois.arin.net/rest/asn/AS6584,,
Join for free to view whois details ,Microsoft Corporation,AS8068,asn,0,No IP information,http://whois.arin.net/rest/asn/AS8068,,
robtex,Microsoft Corporation,AS12076,asn,0,No IP information,http://whois.arin.net/rest/asn/AS12076,,
robtex,Microsoft Corporation,AS13399,asn,0,No IP information,http://whois.arin.net/rest/asn/AS13399,,
robtex,Microsoft Corporation,AS14719,asn,0,No IP information,http://whois.arin.net/rest/asn/AS14719,,
robtex,Microsoft Corporation,AS20046,asn,0,No IP information,http://whois.arin.net/rest/asn/AS20046,,
robtex,Microsoft Corporation,AS23468,asn,0,No IP information,http://whois.arin.net/rest/asn/AS23468,,
robtex,Microsoft Corporation,AS3598,asn,0,No IP information,http://whois.arin.net/rest/asn/AS3598,,
robtex,Microsoft Corporation,AS395496,asn,0,No IP information,http://whois.arin.net/rest/asn/AS395496,,
robtex,Microsoft Corporation,AS395524,asn,0,No IP information,http://whois.arin.net/rest/asn/AS395524,,
robtex,Microsoft Corporation,AS395851,asn,0,No IP information,http://whois.arin.net/rest/asn/AS395851,,
robtex,Microsoft Corporation,AS396463,asn,0,No IP information,http://whois.arin.net/rest/asn/AS396463,,
robtex,Microsoft Corporation,AS397096,asn,0,No IP information,http://whois.arin.net/rest/asn/AS397096,,
robtex,Microsoft Corporation,AS398575,asn,0,No IP information,http://whois.arin.net/rest/asn/AS398575,,
robtex,Microsoft Corporation,AS398656,asn,0,No IP information,http://whois.arin.net/rest/asn/AS398656,,
robtex,Microsoft Corporation,AS400572,asn,0,No IP information,http://whois.arin.net/rest/asn/AS400572,,
robtex,Microsoft Corporation,AS5761,asn,0,No IP information,http://whois.arin.net/rest/asn/AS5761,,
robtex,Microsoft Corporation,AS6182,asn,0,No IP information,http://whois.arin.net/rest/asn/AS6182,,
robtex,Microsoft Corporation,AS6291,asn,0,No IP information,http://whois.arin.net/rest/asn/AS6291,,
robtex,Microsoft Corporation,AS6584,asn,0,No IP information,http://whois.arin.net/rest/asn/AS6584,,
robtex,Microsoft Corporation,AS8068,asn,0,No IP information,http://whois.arin.net/rest/asn/AS8068,,
